claim_id,subject_type,subject_id,predicate,object_text,confidence,status,notes
C0001,person,P0004,lineage,Son of Mostafa Qoli Khan E'temad al-Saltaneh; grandson of Mohammad Baqer Khan; great-grandson of Haji Mohammad Khan Jeyhunabadi.,confirmed,active,Published lineage statement.
C0002,person,P0005,parentage,Mohtaj Ali Khan was a son of Abdollah Khan.,confirmed,active,
C0003,person,P0006,parentage,Mansur Ali Khan was a son of Abdollah Khan.,confirmed,active,
C0004,person,P0005,titles,Held the titles Ejlal al-Mamalek and Amir Arfa'.,confirmed,active,
C0005,person,P0006,titles,Held the title Sardar Akram.,confirmed,active,
C0006,place,L0003,family_center,Letgah was the principal center of the Amir Nezam Letgahi family.,confirmed,active,
C0007,place,L0002,property_association,Kabudarahang was one of the family's important landed areas.,confirmed,active,
C0008,person,P0008,parentage,Gholamhossein Khan descends from Mohtaj Ali Khan and is not a child of Gholam Ali.,confirmed,active,Confirmed by user correction.
C0009,person,P0006,descendants,The book's figure shows no descendants for Mansur Ali Khan.,confirmed,active,Visual reading confirmed by user.
C0010,person,P0012,parentage,Hossein Qoli Khan was a son of Abdollah Khan.,confirmed,active,
C0011,person,P0012,titles,He was described as Ejlal al-Dowleh and Amir Tuman.,confirmed,active,
C0012,person,P0012,title_grant,He received Sa'ed al-Saltaneh at his father's request.,confirmed,active,
C0013,person,P0005,title_grant,Mohtaj Ali Khan received Ejlal al-Mamalek at his father's request.,confirmed,active,
C0014,person,P0004,office,Abdollah Khan was appointed governor of Khuzestan and titled Sardar Akram.,confirmed,active,
C0015,person,P0005,source_coverage,S0001 explicitly indexes Mohtaj Ali Khan on printed pages 61 and 152.,confirmed,active,Source-coverage finding only.
C0016,person,P0013,parentage,Nabi Khan was a son of Mohammad Hossein Khan Gharagozloo.,confirmed,active,
C0017,person,P0013,military_role,Nabi Khan commanded thousands of Gharagozloo troops in Mohammad Shah’s Herat campaign.,confirmed,active,
C0018,person,P0015,military_role,"Abdollah Khan, holding the rank of yavar, supported Nabi Khan’s forces in the Herat campaign.",confirmed,active,Kept separate from P0004 pending identity resolution.
C0019,person,P0015,promotion,"After being wounded at Herat, Abdollah Khan received the rank of sarhang.",confirmed,active,
C0020,person,P0016,combat_action,Shir Ali Khan repeatedly climbed the fortress wall and attempted to plant the victory flag.,confirmed,active,
C0021,person,P0016,reward,Shir Ali Khan received a robe of honor and decoration for bravery.,confirmed,active,
C0022,person,P0017,wounding,"Rashid Khan, a colonel of the Mokhberan regiment, was wounded in the leg during the Herat fighting.",confirmed,active,
C0023,person,P0013,death,Nabi Khan died shortly after being removed from the battlefield with severe wounds.,confirmed,active,
C0024,person,P0013,burial,Nabi Khan was transferred with other Gharagozloo dead for burial in Mashhad by order of Mohammad Shah.,confirmed,active,
C0025,person,P0014,parentage,Mahmoud Khan was the son of Nabi Khan and a descendant of Mohammad Hossein Khan Ashiqloo.,confirmed,active,
C0026,event,E0003,force_strength,The Gharagozloo guard defending Bushehr numbered fifty soldiers.,confirmed,active,
C0027,event,E0003,outcome,British forces dispersed the small Gharagozloo guard and occupied Bushehr to pressure Iran over Herat.,confirmed,active,
C0028,event,E0002,unit_action,Gharagozloo troops helped assault the Herat fortifications and open the fortress gates.,confirmed,active,
C0029,person,P0014,political_position,Mahmoud Khan Gharagozloo argued for peace in a state consultation during the Anglo-Persian crisis.,probable,active,Identity with P0014 is contextually likely but should be rechecked.
C0030,person,P0003,military_action,"At Bandar Lengeh, Mostafa Qoli Khan Mirpanj tried to prevent a British ship carrying prisoners from departing; he exchanged fire with two guns and withdrew inland.",confirmed,active,
C0031,person,P0018,military_action,Rustam Khan joined the southern Iranian forces with artillery during the Anglo-Persian War.,confirmed,active,
C0032,person,P0019,wounding,Ali Khan received a superficial wound to the arm during fighting against British forces.,confirmed,active,
C0033,event,E0004,captives,Two soldiers of the Gharagozloo special regiment and one of the fourth regiment were captured and later released in Bushehr.,confirmed,active,
C0034,person,P0020,military_action,Ali Naqi Khan led the Dargazin infantry regiment and defeated Nasrallah Khan of Laristan in Bikhuh district.,confirmed,active,
C0035,person,P0019,office,Ali Khan Nosrat al-Molk served as first-rank sartip responsible for order in Kerman in 1277 AH.,confirmed,active,
C0036,person,P0019,military_activity,Ali Khan and his troops drilled daily in the Kerman citadel square and joined the expedition against Azad Khan Kharani.,confirmed,active,
C0037,person,P0022,title_grant,"Mohammad Hossein Khan, son of Ali Khan, received the title Hosam al-Molk in 1287 AH for service in Kerman.",confirmed,active,
C0038,person,P0023,marriage_arrangement,Zeyn al-Abedin Khan arranged the marriage of his son Gholamreza Khan to Qamar al-Saltaneh in 1309 AH.,confirmed,active,
C0039,event,E0007,scale,The wedding celebrations lasted about one month and reportedly cost more than one hundred thousand tomans.,confirmed,active,
C0040,event,E0008,outcome,"Hosam al-Molk, Saed al-Saltaneh, and Zia al-Molk were dismissed and detained after being blamed for the Hamadan unrest.",confirmed,active,
C0041,person,P0023,office_purchase_attempt,"Hosam al-Molk offered 100,000 tomans for the governments of Hamadan, Borujerd, and Luristan, then 80,000 tomans to the shah and 20,000 to Amin al-Soltan for Kerman.",confirmed,active,
C0042,person,P0023,governorship,Hosam al-Molk was appointed governor of Kermanshah on 12 Rabi I 1311 AH.,confirmed,active,
C0043,person,P0025,rank,Aqa Jan Gharagozloo held the rank of yavar.,confirmed,active,
C0044,person,P0025,legal_diplomatic_action,"Aqa Jan fled after Pavlov’s death, was captured in Hamadan, imprisoned in Tehran, and handed to the Russian embassy.",confirmed,active,
C0045,event,E0011,casualties,Seven or eight people were killed during the confrontation between Gharagozloo forces and residents of Shiraz.,confirmed,active,
C0046,person,P0014,parentage,Mahmoud Khan was the son of Nabi Khan and a descendant of Mohammad Hossein Khan of the Ashiqloo branch.,confirmed,active,
C0047,person,P0014,succession,"After Nabi Khan’s death in the Herat campaign, Mahmoud Khan was placed in command of his father’s troops.",confirmed,active,
C0048,person,P0014,deputy_governorship,Mahmoud Khan served as deputy governor of Hamadan and the Gharagozloo districts during the late reign of Fath Ali Shah.,confirmed,active,
C0049,person,P0014,district_governorships,"Mahmoud Khan received authority over Darjazin, Jahraman, Tohidlu, and the districts attached to Khan Baba Khan in 1246-1247 AH.",confirmed,active,
C0050,person,P0014,promotion,Mahmoud Khan was appointed colonel in 1254 AH and promoted to sartip in 1255 AH.,confirmed,active,
C0051,person,P0014,diplomatic_service,Mahmoud Khan was appointed Iranian envoy to Russia in 1269 AH.,confirmed,active,
C0052,person,P0014,promotion,"After returning from Saint Petersburg in 1272 AH, Mahmoud Khan was promoted to mirpanj and received a royal robe.",confirmed,active,
C0053,person,P0014,government_service,"Mahmoud Khan later held senior posts including foreign affairs, war, state buildings, and government papers administration.",confirmed,active,
C0054,person,P0014,industrial_project,"Mahmoud Khan imported approximately 90,000 tomans of machinery from Moscow for a steam-powered spinning factory, but the project failed because trained personnel were unavailable.",confirmed,active,
C0055,person,P0014,ministerial_office,Mahmoud Khan became the first minister of commerce when that ministry was established in 1277 AH.,confirmed,active,
C0056,person,P0028,death,Abdollah Khan Sarem al-Saltaneh died in Dhu al-Qada 1278 AH.,confirmed,active,
C0057,person,P0028,marriage,His wife was a granddaughter of Abbas Mirza and daughter of Mohammad Shah.,confirmed,active,
C0058,person,P0029,marriages,"Negar Khanom married Ahmad Khan Sartip and later Abd al-Samad Mirza, governor of Hamadan.",confirmed,active,
C0059,person,P0031,lineage,Amanollah Khan Baha al-Molk was a son of Nabi Khan and founder of the Baha al-Molk Abshini family.,confirmed,active,
C0060,person,P0031,children,"His sons were Hossein Qoli Khan, Ali Qoli Khan, and Morteza Qoli Khan, founders of three later family lines.",confirmed,active,
C0061,person,P0004,governorship,Abdollah Khan was appointed governor of Khuzestan in 1314 AH and received the title Sardar Akram.,confirmed,active,
C0062,person,P0005,title_grant,Mohtaj Ali Khan received the title Ejlal al-Mamalek at his father’s request in 1314 AH.,confirmed,active,
C0063,event,E0018,foundation,Hosam al-Molk and Zia al-Molk founded the Islamiyyeh School at Shervin in 1322 AH.,confirmed,active,
C0064,event,E0019,grain_quantities,"Hamadan representatives demanded 25,000 kharvars of grain at 10 tomans per kharvar from an alleged stock of 200,000 kharvars.",confirmed,active,
C0065,event,E0019,estate_scale,Opponents claimed Gharagozloo khans held nearly 700 properties across several Hamadan districts.,confirmed,active,
C0066,person,P0023,political_alignment,Amir Afkham was a leading royalist Qajar commander against Constitutionalists.,confirmed,active,
C0067,person,P0023,assassination_order,The book attributes the killing of Seyyed Jamal al-Din Vaez Esfahani to Amir Afkham’s order.,confirmed,active,
C0068,person,P0036,clemency_attempt,Qamar al-Saltaneh asked Amir Afkham and her husband Ehtesham al-Dowleh to spare Seyyed Jamal al-Din.,confirmed,active,
C0069,person,P0040,regency,Abu al-Qasem Naser al-Molk became regent for Ahmad Shah and swore the regency oath in 1329 AH.,confirmed,active,
C0070,event,E0023,closure,The Second Majles was closed on Naser al-Molk’s order during the Russian ultimatum crisis.,confirmed,active,
C0071,person,P0037,parliamentary_service,Alireza Khan Baha al-Molk represented Hamadan in the Third Majles.,confirmed,active,
C0072,person,P0037,ministerial_office,Alireza Baha al-Molk served as finance minister in Mostowfi al-Mamalek’s cabinet in 1301 SH.,confirmed,active,
C0073,person,P0023,wartime_governorship,Amir Afkham assisted Russian forces in occupying Hamadan and became governor under Russian protection.,confirmed,active,
C0074,person,P0004,war_ministry,Amir Nezam Gharagozloo served as minister of war in Sepahdar Azam’s cabinet shortly before the 1921 coup.,confirmed,active,
C0075,person,P0004,release_payment,"After the 1921 coup, Amir Nezam reportedly paid 25,000 tomans to obtain release from detention.",confirmed,active,
C0076,person,P0038,diplomatic_service,Mohammad Ebrahim Khan served as third secretary of the Iranian legation in London from 1299 to 1303 SH.,confirmed,active,
C0077,person,P0039,assembly_service,Zia al-Molk Farmand represented Hamadan in the Constituent Assembly of 1304 SH.,confirmed,active,
C0078,person,P0040,fact,Naser al-Molk was born in Tehran on 14 Dhu al-Qadah 1272 AH.,confirmed,active,Imported from Chapter 4 mining package; original ID C_CH4_001
C0079,person,P0040,fact,He studied political science at Oxford and learned English and French.,confirmed,active,Imported from Chapter 4 mining package; original ID C_CH4_002
C0080,person,P0040,fact,"He translated foreign newspapers, speeches, and royal remarks for Naser al-Din Shah.",confirmed,active,Imported from Chapter 4 mining package; original ID C_CH4_003
C0081,person,P0040,fact,"His known translations included a law booklet, Fraser's history of Nader Shah and Indian rulers, The Merchant of Venice, and Othello.",probable,active,Imported from Chapter 4 mining package; original ID C_CH4_004
C0082,person,P0040,fact,He inherited the title Naser al-Molk and the Hamadan governorship from his grandfather.,confirmed,active,Imported from Chapter 4 mining package; original ID C_CH4_005
C0083,person,P0040,fact,He served as extraordinary ambassador to Ottoman and British courts after Mozaffar al-Din Shah's accession.,confirmed,active,Imported from Chapter 4 mining package; original ID C_CH4_006
C0084,person,P0040,fact,"His principal landed estates included Bahar, Salehabad, Lalejin, Mehraban, Mazdaqineh, Hajilu, and other areas around Hamadan, plus Gilan properties.",confirmed,active,Imported from Chapter 4 mining package; original ID C_CH4_007
C0085,person,P0040,author_interpretation,The author interprets his anti-constitutional position partly as defense of aristocratic and landed interests.,probable,active,Imported from Chapter 4 mining package; original ID C_CH4_008
C0086,person,P0040,political_statement,Naser al-Molk argued that Iran lacked enough educated people to operate a representative system.,confirmed,active,Imported from Chapter 4 mining package; original ID C_CH4_009
C0087,person,P0040,fact,He became prime minister through Majles nomination rather than the shah's initiative.,confirmed,active,Imported from Chapter 4 mining package; original ID C_CH4_010
C0088,person,P0040,fact,His cabinet helped establish a parliamentary budget and reduce court expenditures.,confirmed,active,Imported from Chapter 4 mining package; original ID C_CH4_011
C0089,person,P0040,reported_event,British diplomatic intervention prevented Mohammad Ali Shah from killing him.,probable,active,Imported from Chapter 4 mining package; original ID C_CH4_012
C0090,person,P0040,fact_with_ocr_uncertainty,"He held a British state decoration, transcribed in OCR as KEG.",probable,active,Imported from Chapter 4 mining package; original ID C_CH4_013
C0091,person,P0040,fact,He was elected regent with 40 of 71 votes.,confirmed,active,Imported from Chapter 4 mining package; original ID C_CH4_014
C0092,person,P0040,fact,He ordered the closure of the Second Majles during the Russian ultimatum crisis.,confirmed,active,Imported from Chapter 4 mining package; original ID C_CH4_015
C0093,person,P0040,fact_and_author_critique,He left Iran for an extended period while retaining regency income and estate revenues.,probable,active,Imported from Chapter 4 mining package; original ID C_CH4_016
C0094,person,P0040,fact,He enthroned Ahmad Shah on 27 Sha'ban 1332 AH / 1914 and ended his own regency.,confirmed,active,Imported from Chapter 4 mining package; original ID C_CH4_017
C0095,person,P0040,fact,The chapter states that he had two sons and one daughter.,confirmed,active,Imported from Chapter 4 mining package; original ID C_CH4_018
C0096,person,P0040,source_criticism,"Later negative descriptions of his sons derive from memoirists and should be stored as attributed opinions, not neutral fact.",confirmed,active,Imported from Chapter 4 mining package; original ID C_CH4_019
C0097,person,P0056,held_office,Minister of Justice,confirmed,active,"Naser al-Molk cabinet, printed page 179"
C0098,person,P0057,held_office,Minister of Foreign Affairs,confirmed,active,"Naser al-Molk cabinet, printed page 179"
C0099,person,P0058,held_office,Minister of Interior,confirmed,active,"Naser al-Molk cabinet, printed page 179"
C0100,person,P0059,held_office,Minister of War,confirmed,active,"Naser al-Molk cabinet, printed page 179"
C0101,person,P0060,held_office,Minister of Education and Public Works,confirmed,active,"Naser al-Molk cabinet, printed page 179"
C0102,person,P0061,held_office,Minister of Commerce,confirmed,active,"Naser al-Molk cabinet, printed page 179"
C0103,person,P0040,held_office,Prime Minister and Minister of Finance,confirmed,active,"Naser al-Molk cabinet, printed page 179"
C0104,source,S0001,author_concludes,The initial hypothesis limiting Gharagozloo presence in Iran to the Mongol period was rejected; the author places their arrival in the late fourth or early fifth AH century.,confirmed,active,"This records the author’s conclusion, not independent proof of the underlying chronology."
C0105,source,S0001,author_concludes,"The Gharagozloos were Turkic-speaking and belonged under the Bigdili grouping, described as one of the twenty-four major Oghuz tribes.",confirmed,active,Authorial conclusion.
C0106,source,S0001,author_concludes,"After the Mongol invasion, the Gharagozloos moved west toward Syria, joined other Turkic groups, and became associated with the Shamlu confederation.",confirmed,active,Authorial conclusion.
C0107,source,S0001,author_concludes,Timur moved them eastward; they later settled again on the Iranian plateau and entered the Safavid Qizilbash confederation.,confirmed,active,Authorial conclusion.
C0108,source,S0001,author_concludes,"Under Shah Abbas and in the late Safavid period, the Gharagozloos regained prominence and their presence around Hamadan became clear.",confirmed,active,Authorial conclusion.
C0109,source,S0001,author_concludes,"Under the Qajars they gained exceptional trust, culminating in Naser al-Molk Gharagozloo’s selection as regent after the death of Azod al-Molk.",confirmed,active,Authorial conclusion.
C0110,source,S0001,author_concludes,The tribe provided extensive military service across Iran but was later marginalized as the Qajar order declined.,confirmed,active,Authorial conclusion.
C0111,source,S0001,chapter_2_social_structure,"The chapter identifies Hajilu, Ashiqloo, and Uzbeklu as principal Gharagozloo branches, while treating claims of absorption or renaming cautiously.",confirmed,active,Narrative-text summary.
C0112,source,S0001,chapter_2_economic_structure,Landed property and agricultural production formed a major economic base of Gharagozloo elite power in Hamadan.,confirmed,active,Narrative-text summary.
C0113,source,S0001,chapter_2_military_structure,"Military strength, alongside landed wealth, was a principal basis of Gharagozloo prominence under the Qajars.",confirmed,active,Narrative-text summary.
C0114,source,S0001,chapter_2_regiments,"The Sixth, Mansur, Mokhberan, and Fadavi regiments are identified as four principal Gharagozloo military formations.",confirmed,active,Narrative-text summary.
C0115,source,S0001,chapter_2_branch_command_flexibility,Regimental command was not rigidly confined by tribal branch; cross-branch and external appointments occurred.,confirmed,active,Narrative-text summary.
C0116,source,S0001,chapter_2_military_office_practice,"Formal rules against purchasing military office diverged from practice, as illustrated by payments for rank and command.",confirmed,active,Narrative-text summary.
C0117,source,S0001,origin_hypothesis,The author favors an Oghuz-Turkic origin and considers a connection through Bigdili and Shamlu plausible.,probable,active,"Author synthesis; organizational affiliation, not a biological genealogy."
C0118,source,S0001,mongol_origin_hypothesis,The theory that the Gharagozloos first entered Iran as a Mongol-period group is discussed but rejected by the author.,disputed,active,Rejected hypothesis preserved for historiographical transparency.
C0119,source,S0001,shamlu_affiliation,Several earlier writers describe the Gharagozloos as a branch or remnant of the Shamlu.,possible,active,Competing scholarly opinion.
C0120,source,S0001,qizilbash_affiliation,The book describes the Gharagozloos as joining or belonging to the Qizilbash political-military world by the late fifteenth or early Safavid period.,probable,active,Author synthesis.
C0121,person,P0068,identity_connection,It is uncertain whether Amir Jafar Ali Gharagoz belonged to the same Gharagozloo grouping later prominent in Hamadan.,possible,active,The author explicitly preserves uncertainty.
C0122,person,P0069,identity_connection,"Amir Mohammad Gharagoz may represent continued Gharagozloo service among Timurid or Mughal forces, but the identification is not conclusive.",possible,active,Author inference.
C0123,source,S0001,safavid_service,"Gharagozloo figures held military, court, and provincial offices under the Safavids.",confirmed,active,Narrative synthesis from named examples.
C0124,source,S0001,hamadan_consolidation,By the eighteenth century the Gharagozloos possessed significant landed and military power in the Hamadan region.,confirmed,active,Narrative synthesis.
C0125,source,S0001,zand_alliance,The Gharagozloos became important allies of Karim Khan Zand and participated in campaigns against his rivals.,confirmed,active,Narrative and cited chronicle evidence.
C0126,source,S0001,chapter_1_evidentiary_caution,The chapter repeatedly distinguishes named historical actors from later genealogical reconstruction and acknowledges major gaps in continuous descent.,confirmed,active,Methodological conclusion.
C0127,person,P0011,five_named_sons,"The narrative explicitly names Rostam, Abdollah Sarem al-Saltaneh, Nabi, Fazlollah, and Ali-Naqi as sons of Mohammad-Hossein Khan.",confirmed,active,Text-derived; stronger than diagram-only genealogy.
C0128,person,P0011,probable_parentage,"Shahbaz Khan is presented as the probable father or predecessor of Mohammad-Hossein Khan, but the author marks the connection as inference.",probable,active,Do not convert to a confirmed parent-child edge without further evidence.
C0129,person,P0003,military_career,"Mostafa-Qoli Khan commanded the Fadavi establishment, served in the southern war, held Astarabad command, and became head of the Khorasan military establishment.",confirmed,active,Composite narrative synthesis from Chapters 2 and 3.
C0130,person,P0003,title_origin,The title E'temad al-Saltaneh was granted after his recall from successful Astarabad service.,confirmed,active,Narrative statement.
C0131,person,P0004,family_and_office,"Abdollah Khan was son of Mostafa-Qoli Khan, father of Hossein-Qoli, Mohtaj-Ali, and Mansur-Ali, and served as governor of Khuzestan.",confirmed,active,Text-derived lineage and appointment.
C0132,person,P0004,landholding_scale,The author states that Abdollah Khan controlled approximately 120 villages or landed properties late in life.,probable,active,Author narrative; exact estate list remains incomplete.
C0133,person,P0005,limited_book_biography,S0001 securely establishes Mohtaj-Ali's lineage and titles but supplies little independent political or military biography.,confirmed,active,Negative finding from whole-book reconciliation.
C0134,person,P0007,limited_book_biography,S0001 contains no substantial independent narrative biography for Gholam-Ali Khan.,confirmed,active,Relationship evidence remains family-supplied and diagram-supported.
C0135,person,P0008,identity_separation,Index references to Gholamhossein Gharagozloo on pages 19 and 64 concern the author of Hegmataneh ta Hamadan and should not be assigned to Gholamhossein Khan Amiri.,confirmed,active,Identity collision resolved.
C0136,person,P0040,canonical_lineage,Naser al-Molk was son of Ahmad Khan Sartip and grandson of Mahmoud Khan Naser al-Molk.,confirmed,active,Narrative-text lineage.
C0137,person,P0040,career_summary,"Naser al-Molk studied at Oxford, served as court translator and diplomat, became finance minister and prime minister, and later served as regent.",confirmed,active,Chapter 4 synthesis.
C0138,person,P0040,political_interpretation,The author interprets Naser al-Molk as a conservative landed aristocrat who considered constitutional change premature.,probable,active,"Authorial interpretation, not a neutral self-description."
C0139,person,P0040,child_identity_conflict,"The Chapter 2 identification of Mehdi Khan as Naser al-Molk's son conflicts with Chapter 4's statement that his children were Hossein-Ali, Mohsen, and one daughter.",disputed,superseded,Superseded by Figure 3 + explicit later prose. The Chapter 2 military passage is now treated as command succession/ambiguous wording rather than proof that Mehdi was Naser al-Molk's son.
C0140,person,P0018,succession,Rostam Khan was the eldest son and contested successor of the early Mohammad-Hossein Khan.,confirmed,active,Text-derived.
C0141,person,P0018,military_career,"Rostam Khan served in the Mahmudabad/Herat, Kerman, Bandar Abbas, and Anglo-Persian southern campaigns and commanded Mokhberan regiments.",confirmed,active,Archive synthesis from S0001 narrative.
C0142,person,P0028,military_career,Abdollah Khan Sarem al-Saltaneh commanded Malayer and Tuyserkan regiments and participated in southern campaigns.,confirmed,active,Text-derived.
C0143,person,P0013,dual_significance,Nabi Khan is both a senior Herat commander and the genealogical bridge to the Naser al-Molk house.,confirmed,active,Archive synthesis.
C0144,person,P0062,limited_biography,"Fazlollah Khan is securely identified as a son of Mohammad-Hossein Khan and colonel of the Sixth Regiment, but S0001 gives little additional biography.",confirmed,active,Whole-book negative finding.
C0145,person,P0020,military_rank,Ali-Naqi Khan held the rank of Sartip and is associated with Dargazin/Kerman-Laristan operations.,confirmed,active,Text-derived.
C0146,person,P0019,royal_marriage_and_diplomacy,"Ali Khan Nosrat al-Molk married Zobeydeh Khanom, daughter of Fath-Ali Shah, and carried out the Gobineau escort mission.",confirmed,active,Text-derived.
C0147,person,P0022,hereditary_command,Mohammad-Hossein Khan Hesam al-Molk transmitted the Shervin military-house succession from Ali Khan to Zeyn al-Abedin Khan.,confirmed,active,Family and regimental synthesis.
C0148,person,P0023,life_dates,Zeyn al-Abedin Khan Amir Afkham was born in 1275 AH and died in 1346 AH.,confirmed,active,Chapter 2 family summary.
C0149,person,P0023,political_and_estate_profile,"Amir Afkham was a major landowner, military patron, provincial governor, and royalist opponent of the Constitutional movement.",probable,active,Mix of narrative facts and author synthesis.
C0150,person,P0024,title_variation,S0001 uses both Ehtesham al-Saltaneh and Ehtesham al-Dowleh for Gholamreza Khan.,confirmed,active,"Title variation preserved, not flattened."
C0151,person,P0024,royal_marriage,"Gholamreza Khan married Qamar al-Saltaneh, daughter of Mozaffar al-Din Shah, in 1309 AH.",confirmed,active,Narrative and caption evidence.
C0152,person,P0076,is child of,Dr. Alireza Amiri Gharagozloo,confirmed,active,Direct family testimony.
C0153,person,P0076,is spouse of,Amir Navab,confirmed,active,Direct family testimony.
C0154,person,P0078,is child of,Yassaman Amiri Gharagozloo and Amir Navab,confirmed,active,Direct family testimony.
C0155,person,P0079,is child of,Yassaman Amiri Gharagozloo and Amir Navab,confirmed,active,Direct family testimony.
C0156,person,P0080,is spouse of,Hossein Gholi Amiri Gharagozloo,confirmed,active,Direct family testimony.
C0157,person,P0081,is child of,Hossein Gholi Amiri Gharagozloo and Roya Yaghmai,confirmed,active,Direct family testimony.
C0158,person,P0082,is child of,Hossein Gholi Amiri Gharagozloo and Roya Yaghmai,confirmed,active,Direct family testimony.
C0159,person,P0001,formerly proposed parentage,Mohammad-Hossein Khan Gharagozloo (P0011) was formerly placed as the father of Haji Mohammad Khan Jeyhunabadi (P0001).,disputed,superseded,Rejected for the canonical graph: S0001 identifies the two men with different branches and does not establish a parent-child relationship.
C0160,person,P0001,branch affiliation,Hajilou,confirmed,active,S0001 identifies the Jeyhunabadi/Amir Nezam family line as Hajilou.
C0161,person,P0011,branch affiliation,Ashiqloo,confirmed,active,S0001 identifies Mohammad-Hossein Khan as the early chief of the Ashiqloo line.
C0162,person,P0001,earliest secure direct-line root,Haji Mohammad Khan Jeyhunabadi is the earliest securely connected root of the archive owner's displayed direct line pending reconstruction of earlier Hajilou generations.,confirmed,active,This is an archive-level conclusion limited to the evidence currently established from S0001.
C0163,person,P0002,sons shown in Figure 4,"Alireza Khan, Kazem Khan, Mostafa-Qoli Khan E'temad al-Saltaneh, and Majid Khan",probable,active,The four-son grouping is read from the printed genealogy. Mostafa-Qoli is independently corroborated by prose. The collateral sons are diagram-supported; the earlier Mahmoud reading was corrected to Majid.
C0164,person,P0083,is child of,Sartip Mohammad-Baqer Khan Gharagozloo,probable,active,Diagram-supported relationship in S0001 Figure 4.
C0165,person,P0084,is child of,Sartip Mohammad-Baqer Khan Gharagozloo,probable,active,Diagram-supported relationship in S0001 Figure 4.
C0166,person,P0085,is child of,Sartip Mohammad-Baqer Khan Gharagozloo,probable,active,Diagram-supported relationship in S0001 Figure 4; personal name corrected from Mahmoud to Majid.
C0167,person,P0086,is child of,Majid Khan Gharagozloo of the Hajilou/Jeyhunabadi line,probable,active,Diagram-supported relationship in S0001 Figure 4; parent name corrected from Mahmoud to Majid.
C0168,person,P0087,is child of,Ali-Akbar Khan Gharagozloo,probable,active,Diagram-supported relationship in S0001 Figure 4.
C0169,person,P0083,children shown in Figure 4,Ali Khan Jalal al-Molk and Noor Mohammad Khan,probable,active,Two-child grouping read directly from Figure 4. The upper child's name was confirmed as Ali Khan Jalal al-Molk.
C0170,person,P0088,is child of,Alireza Khan Gharagozloo (P0083),probable,active,Diagram-supported relationship in S0001 Figure 4.
C0171,person,P0089,is child of,Alireza Khan Gharagozloo (P0083),probable,active,Diagram-supported relationship in S0001 Figure 4.
C0172,person,P0088,children shown in Figure 4,Asadollah Khan; Panahollah Khan Jalal al-Saltaneh; Seyfollah Khan Jalali; Hossein Ali Khan Fath al-Saltaneh,probable,active,Four-child grouping read directly from the printed genealogy.
C0173,person,P0090,is child of,Ali Khan Jalal al-Molk Gharagozloo (P0088),probable,active,Diagram-supported relationship in S0001 Figure 4.
C0174,person,P0091,is child of,Ali Khan Jalal al-Molk Gharagozloo (P0088),probable,active,Diagram-supported relationship in S0001 Figure 4.
C0175,person,P0092,is child of,Ali Khan Jalal al-Molk Gharagozloo (P0088),probable,active,Diagram-supported relationship in S0001 Figure 4.
C0176,person,P0093,is child of,Ali Khan Jalal al-Molk Gharagozloo (P0088),probable,active,Diagram-supported relationship in S0001 Figure 4.
C0177,person,P0091,held title,Jalal al-Saltaneh,probable,active,Title read from S0001 Figure 4.
C0178,person,P0093,held title,Fath al-Saltaneh,probable,active,Title read from S0001 Figure 4.
C0179,person,P0088,held title,Jalal al-Molk,probable,active,Title confirmed by direct reading of S0001 Figure 4.
C0180,person,P0094,branch leadership,Head of the Hajilou branch during the Zand period,confirmed,active,Explicit narrative statement in S0001.
C0181,person,P0095,parentage,Son of Haji Mohammad Jafar Khan Gharagozloo (P0094),confirmed,active,Explicit narrative statement and Figure 4.
C0182,person,P0095,children count,Five male children,confirmed,active,Explicit narrative statement; Figure 4 presents five branch heads.
C0183,person,P0096,parentage,Son of Haji Abdollah Khan Gharagozloo (P0095),probable,active,"Figure 4 reconstruction, supported contextually by the prose."
C0184,person,P0073,parentage,Son of Haji Abdollah Khan Gharagozloo (P0095),probable,active,"Figure 4 reconstruction, supported contextually by the prose."
C0185,person,P0097,parentage,Son of Haji Abdollah Khan Gharagozloo (P0095),confirmed,active,Explicit narrative statement and Figure 4.
C0186,person,P0098,parentage,Son of Haji Abdollah Khan Gharagozloo (P0095),disputed,active,"Figure 4 supports this placement, but the prose may place Haji Mina one generation earlier."
C0187,person,P0001,parentage,Son of Haji Abdollah Khan Gharagozloo (P0095),probable,active,"Figure 4 reconstruction, supported contextually by the prose."
C0188,person,P0098,alternative parentage,Possible son of Haji Mohammad Jafar Khan Gharagozloo (P0094),disputed,active,A literal reading of the prose can place Haji Mina among the sons of Haji Mohammad Jafar Khan.
C0189,person,P0099,parentage,Son of Haji Safar Khan Gharagozloo (P0097),confirmed,active,Explicit in S0001 prose and Figure 4.
C0190,person,P0099,held title,Majzub Ali Shah,confirmed,active,Used in both narrative and Figure 4.
C0191,person,P0099,death,Died in Tabriz in 1239 AH,confirmed,active,Narrative account in S0001.
C0192,person,P0099,burial,Buried at the shrine of Seyyed Hamzeh in Tabriz,confirmed,active,Narrative account in S0001.
C0193,person,P0099,children count,Five sons,probable,active,Figure 4 displays five sons.
C0194,person,P0100,parentage,Unnamed child of Sheikh Mohammad Jafar Khan Majzub Ali Shah (P0099),possible,active,"The child is present in the chart, but the archive owner marked the name ??; earlier Abd al-Javad reading superseded."
C0195,person,P0101,parentage,Son of Sheikh Mohammad Jafar Khan Majzub Ali Shah (P0099),probable,active,Figure 4.
C0196,person,P0102,parentage,"Agha Abdol Hamid, child of Sheikh Mohammad Jafar Khan Majzub Ali Shah (P0099)",confirmed,active,Corrected from the earlier Abd al-Majid reading using the user-supplied branch reconstruction.
C0197,person,P0103,parentage,Son of Sheikh Mohammad Jafar Khan Majzub Ali Shah (P0099),probable,active,Figure 4.
C0198,person,P0104,parentage,Son of Sheikh Mohammad Jafar Khan Majzub Ali Shah (P0099),probable,active,Figure 4.
C0199,person,P0105,parentage,Son of Nasrollah Khan Korijani Gharagozloo (P0073),probable,active,Figure 4 genealogy.
C0200,person,P0106,parentage,Son of Gholam Khan Gharagozloo (P0105),probable,active,Figure 4 genealogy.
C0201,person,P0073,branch affiliation,"Hajilou, Korijani line",confirmed,active,Explicitly identified as Hajilou in the narrative.
C0202,person,P0073,political-military alliance,Helped advocate Gharagozloo support for Karim Khan Zand,confirmed,active,Narrative account in S0001.
C0203,person,P0073,military command,Commanded Gharagozloo forces sent toward Yazd in 1194 AH,confirmed,active,Already represented by event E0073 and enriched here.
C0204,person,P0073,military service,Guarded Isfahan and commanded one thousand cavalry near Qomsheh in 1203 AH,confirmed,active,S0001 narrative; possible capture is not asserted.
C0205,person,P0073,military service,Served in the 1222 AH mission against Abd al-Rahman Pasha,confirmed,active,S0001 narrative.
C0206,person,P0073,held office,Military administrator of the army in Fars in 1215 AH,confirmed,active,S0001 cites Sir John Malcolm.
C0207,person,P0073,held office,Minister of Fars from 1220 AH until Nowruz 1223 AH,confirmed,active,S0001 narrative.
C0208,person,P0073,personal reputation,"Known in Shiraz for poetic ability, good nature, and good character",confirmed,active,Authorial summary in S0001.
C0209,person,P0098,held role,Adviser and state counsellor to Agha Mohammad Khan Qajar,confirmed,active,Explicit in the S0001 narrative.
C0210,person,P0098,children count,Two sons shown in Figure 4,probable,active,Morteza Qoli Khan and Shir Ali Khan.
C0211,person,P0107,parentage,Son of Haji Mina Khan Kabudarahangi (P0098),probable,active,Figure 4.
C0212,person,P0108,parentage,Son of Haji Mina Khan Kabudarahangi (P0098),probable,active,Figure 4.
C0213,person,P0109,parentage,Child of Morteza Qoli Khan (P0107),probable,active,Figure 4.
C0214,person,P0110,parentage,Child of Morteza Qoli Khan (P0107),probable,active,Figure 4.
C0215,person,P0111,parentage,Child of Mansur al-Molk (P0109),probable,active,Figure 4.
C0216,person,P0112,parentage,Child of Mansur al-Molk (P0109),probable,active,Figure 4.
C0217,person,P0113,parentage,"Mohammad Hassan Khan, son of Mohammad Mirza Khan (P0110)",confirmed,active,Corrected from the earlier Mohammad Hossein Khan reading.
C0218,person,P0114,parentage,Son of Mohammad Mirza Khan (P0110),probable,active,Figure 4.
C0219,person,P0109,held title,Mansur al-Molk,probable,active,Figure 4 identifies the person by this title-form.
C0220,person,P0114,held rank,Sarhang,probable,active,Figure 4 prints the rank with the name.
C0221,person,P0115,parentage,Child of Haji Fazlollah Khan Royani Gharagozloo (P0096),probable,active,User-supplied branch reconstruction aligned to S0001 Figure 4.
C0222,person,P0116,parentage,Child of Haji Fazlollah Khan Royani Gharagozloo (P0096),probable,active,User-supplied branch reconstruction aligned to S0001 Figure 4.
C0223,person,P0117,parentage,Child of Haji Fazlollah Khan Royani Gharagozloo (P0096),probable,active,User-supplied branch reconstruction aligned to S0001 Figure 4.
C0224,person,P0118,parentage,Child of Haji Fazlollah Khan Royani Gharagozloo (P0096),probable,active,User-supplied branch reconstruction aligned to S0001 Figure 4.
C0225,person,P0119,parentage,Child of Mohammad Hassan Khan Gharagozloo (P0115),probable,active,User-supplied branch reconstruction aligned to S0001 Figure 4.
C0226,person,P0120,parentage,Child of Mohammad Hassan Khan Gharagozloo (P0115),probable,active,User-supplied branch reconstruction aligned to S0001 Figure 4.
C0227,person,P0121,parentage,Child of Ali Mohammad Khan Gharagozloo (P0119),probable,active,User-supplied branch reconstruction aligned to S0001 Figure 4.
C0228,person,P0122,parentage,Child of Shafi Khan Gharagozloo (P0120),probable,active,User-supplied branch reconstruction aligned to S0001 Figure 4.
C0229,person,P0123,parentage,Child of Hossein Ali Khan Gharagozloo (P0117),probable,active,User-supplied branch reconstruction aligned to S0001 Figure 4.
C0230,person,P0124,parentage,Child of Hossein Ali Khan Gharagozloo (P0117),probable,active,User-supplied branch reconstruction aligned to S0001 Figure 4.
C0231,person,P0125,parentage,Child of Hossein Ali Khan Gharagozloo (P0117),probable,active,User-supplied branch reconstruction aligned to S0001 Figure 4.
C0232,person,P0126,parentage,Child of Hossein Ali Khan Gharagozloo (P0117),probable,active,User-supplied branch reconstruction aligned to S0001 Figure 4.
C0233,person,P0127,parentage,Child of Abdolhossein Khan Farkhari Gharagozloo (P0118),confirmed,active,Corrected using the verified PowerPoint.
C0234,person,P0128,parentage,Child of Abdolhossein Khan Farkhari Gharagozloo (P0118),confirmed,active,Corrected using the verified PowerPoint.
C0235,person,P0129,parentage,Child of Abdolhossein Khan Farkhari Gharagozloo (P0118),confirmed,active,Corrected using the verified PowerPoint.
C0236,person,P0130,parentage,Child of Najaf Qoli Khan Gharagozloo (P0124),probable,active,User-supplied branch reconstruction aligned to S0001 Figure 4.
C0237,person,P0131,parentage,Child of Najaf Qoli Khan Gharagozloo (P0124),probable,active,User-supplied branch reconstruction aligned to S0001 Figure 4.
C0238,person,P0132,parentage,Child of Karim Khan Gharagozloo (P0135),confirmed,active,Corrected from Ali Khan to Karim Khan using the verified PowerPoint connector objects.
C0239,person,P0133,parentage,Child of Karim Khan Gharagozloo (P0135),confirmed,active,Corrected from Ali Khan to Karim Khan using the verified PowerPoint connector objects.
C0240,person,P0134,parentage,Child of Karim Khan Gharagozloo (P0135),confirmed,active,Corrected from Ali Khan to Karim Khan using the verified PowerPoint connector objects.
C0241,person,P0135,parentage,Child of Mohammad Morad Beg Gharagozloo (P0127),confirmed,active,Corrected from Heidar Qoli Khan to Mohammad Morad Beg using the verified PowerPoint.
C0242,person,P0136,parentage,Child of Mohammad Morad Beg Gharagozloo (P0127),probable,active,User-supplied branch reconstruction aligned to S0001 Figure 4.
C0243,person,P0137,parentage,Child of Mohammad Morad Beg Gharagozloo (P0127),probable,active,User-supplied branch reconstruction aligned to S0001 Figure 4.
C0244,person,P0138,parentage,Child of Mohammad Morad Beg Gharagozloo (P0127),probable,active,User-supplied branch reconstruction aligned to S0001 Figure 4.
C0245,person,P0139,parentage,Child of Habib Allah Khan Gharagozloo (P0138),confirmed,active,Corrected from Enayat Allah Khan to Habib Allah Khan using the verified PowerPoint connector objects.
C0246,person,P0140,parentage,Child of Habib Allah Khan Gharagozloo (P0138),probable,active,User-supplied branch reconstruction aligned to S0001 Figure 4.
C0247,person,P0141,parentage,Child of Shir Ali Beg Gharagozloo (P0143),probable,active,Corrected from Mohammad Vali Beg to Shir Ali Beg using the verified PowerPoint connector objects.
C0248,person,P0142,parentage,Child of Soltan Fath Ali Gharagozloo (P0141),unverified,superseded,Superseded after verification of the PowerPoint connector objects; no separate child is shown beneath Soltan Fath Ali.
C0249,person,P0143,parentage,Child of Abdolhossein Khan Farkhari Gharagozloo (P0118),probable,active,User-supplied branch reconstruction aligned to S0001 Figure 4.
C0250,person,P0144,parentage,Child of Shir Ali Beg Gharagozloo (P0143),probable,active,User-supplied branch reconstruction aligned to S0001 Figure 4.
C0251,person,P0145,parentage,Child of Zolfaghar Khan Gharagozloo (P0144),confirmed,active,Name corrected to Assad Khan; parent-child relationship confirmed in the verified PowerPoint.
C0252,person,P0146,parentage,Child of Zolfaghar Khan Gharagozloo (P0144),probable,active,User-supplied branch reconstruction aligned to S0001 Figure 4.
C0253,person,P0147,parentage,Child of Abdolhossein Khan Farkhari Gharagozloo (P0118),probable,active,User-supplied branch reconstruction aligned to S0001 Figure 4.
C0254,person,P0148,parentage,Child of Ghasem Khan Gharagozloo (P0147),probable,active,User-supplied branch reconstruction aligned to S0001 Figure 4.
C0255,person,P0149,parentage,Child of Ghasem Khan Gharagozloo (P0147),probable,active,User-supplied branch reconstruction aligned to S0001 Figure 4.
C0256,person,P0150,parentage,Child of Ghasem Khan Gharagozloo (P0147),probable,active,User-supplied branch reconstruction aligned to S0001 Figure 4.
C0257,person,P0151,parentage,Child of Ghasem Khan Gharagozloo (P0147),probable,active,User-supplied branch reconstruction aligned to S0001 Figure 4.
C0258,person,P0152,parentage,Child of Abdolhossein Khan Farkhari Gharagozloo (P0118),probable,active,User-supplied branch reconstruction aligned to S0001 Figure 4.
C0259,person,P0153,parentage,Child of Abdolhossein Khan Farkhari Gharagozloo (P0118),probable,active,User-supplied branch reconstruction aligned to S0001 Figure 4.
C0260,person,P0154,parentage,Child of Mohammad Khan Hajilou Gharagozloo (P0153),probable,active,User-supplied branch reconstruction aligned to S0001 Figure 4.
C0261,person,P0155,parentage,Child of Mohammad Khan Hajilou Gharagozloo (P0153),probable,active,User-supplied branch reconstruction aligned to S0001 Figure 4.
C0262,person,P0156,parentage,Child of Mohammad Khan Hajilou Gharagozloo (P0153),probable,active,User-supplied branch reconstruction aligned to S0001 Figure 4.
C0263,person,P0157,parentage,Child of Mohammad Khan Hajilou Gharagozloo (P0153),unverified,active,"The relationship is visible in the verified PowerPoint, but the child’s name is unreadable and represented as ??."
C0264,person,P0158,parentage,Child of Haji Mohammad Khan Jeyhunabadi (P0001),confirmed,active,User-confirmed reconstruction.
C0265,person,P0159,parentage,Child of Haji Mohammad Khan Jeyhunabadi (P0001),confirmed,active,User-confirmed reconstruction.
C0266,person,P0160,parentage,Child of Haji Mohammad Khan Jeyhunabadi (P0001),confirmed,active,User-confirmed reconstruction.
C0267,person,P0084,parentage,Child of Haji Mohammad Khan Jeyhunabadi (P0001),confirmed,active,Corrected from Mohammad Baqer Khan.
C0268,person,P0161,parentage,Child of Haji Yavar Mohammad Gholi Khan (P0159),confirmed,active,User-confirmed reconstruction.
C0269,person,P0162,parentage,Child of Haji Yavar Mohammad Gholi Khan (P0159),confirmed,active,User-confirmed reconstruction.
C0270,person,P0163,parentage,Child of Haji Hamze Khan (P0160),confirmed,active,User-confirmed reconstruction.
C0271,person,P0164,parentage,Child of Haji Hamze Khan (P0160),confirmed,active,User-confirmed reconstruction.
C0273,person,P0166,parentage,Child of Kazem Khan (P0084),confirmed,active,User-confirmed reconstruction.
C0274,person,P0167,parentage,Child of Kazem Khan (P0084),confirmed,active,User-confirmed reconstruction.
C0275,person,P0168,parentage,Child of Hossein Qoli Khan Amir Nezam (P0012),confirmed,active,User-confirmed reconstruction.
C0276,person,P0169,parentage,Child of Hossein Qoli Khan Amir Nezam (P0012),confirmed,active,User-confirmed reconstruction.
C0272,person,P0165,parentage,Child of Kazem Khan Gharagozloo (P0084),confirmed,active,Relationship confirmed by the owner-verified Jeyhunabadi reconstruction. The child's personal name remains unreadable and is tracked separately as an open research question.
C0277,person,P0012,held_title,Amir Nezam (امیرنظام),confirmed,active,Explicitly attested in S0001 and independently corroborated by S0003. Family oral history also remembers him primarily by this title.
C0278,person,P0170,parentage,Child of Zeyn al-Abedin Khan P0023,confirmed,active,Figure 3/prose reconciliation.
C0279,person,P0021,parentage,Child of Ali Khan Nosrat al-Molk P0019,confirmed,active,Figure 3.
C0280,person,P0171,parentage,Child of Nabi Khan P0013,confirmed,active,Figure 3; separate from P0064.
C0281,person,P0064,parentage,Child of Ahmad Khan Sartip P0030 and Negar Khanom P0029,confirmed,active,Corrects an earlier extraction error that placed him beneath Naser al-Molk.
C0282,person,P0065,parentage,Child of Ahmad Khan Sartip P0030 and Negar Khanom P0029,confirmed,active,Figure 3 plus explicit later prose; older military wording remains noted as an ambiguity.
C0283,person,P0038,parentage,Child of Mehdi Khan P0064,confirmed,active,Narrative evidence.
C0284,person,P0037,parentage,Child of Ali Qoli Khan Baha al-Molk P0033,confirmed,active,Figure 3.
C0285,person,P0172,parentage,Child of Ali Qoli Khan Baha al-Molk P0033,confirmed,active,Figure 3.
C0286,person,P0173,parentage,Child of Alireza Khan P0037,confirmed,active,Figure 3.
C0287,person,P0174,parentage,Child of Fazlollah Khan P0062,confirmed,active,Figure 3.
C0288,person,P0175,parentage,Figure 3 presents Mohammad Shafi Khan as a son of Abdollah Sarem al-Dowleh P0028,disputed,active,Prose says Abdollah probably had no male children; retain both assertions.
C0289,person,P0176,parentage,Child of Mohammad Shafi Khan P0175,confirmed,active,Figure 3.
C0290,person,P0177,parentage,Figure 3 presents Abdolhossein Khan as a son of Abdollah Sarem al-Dowleh P0028,disputed,active,Prose says Abdollah probably had no male children; retain both assertions.
C0500,person,P0094,alternate_ancestral_tradition,"Majmooe Asaar preserves an older family genealogy running through Qara Mohammad, Haji Bonyad Khan, Haji Qasem, Haji Jafar Khan and Haji Abdollah Beg before the later Hajilou line.",possible,active,This is a transmitted family-genealogy tradition. Do not assume Majmooe Asaar's Haji Jafar Khan is identical with P0094 without separate identity reconciliation.
C0501,person,P0095,child_list,Majmooe Asaar explicitly enumerates Haji Fathollah as a sixth son of Haji Abdollah Beg.,disputed,active,Source-explicit statement preserved as evidence; v2.8.0 canonical topology currently has five branch heads and is intentionally unchanged.
C0502,person,P0095,biographical_context,Haji Fathollah is described as not entering government service and as occupying himself with landed/property affairs together with Haji Safar Khan.,confirmed,active,"Claim concerns the source's description of Haji Fathollah, not canonical identity placement."
C0503,person,P0095,descendant_list,"Majmooe Asaar names Abbas Beg, Allah-Panah Beg and Heidar Qoli Beg as children of Haji Fathollah.",confirmed,active,Names retained as source-derived candidates; no person records or parent_of edges created yet.
C0504,person,P0001,alternate_child_list,"Majmooe Asaar lists six sons: Mohammad Baqer Khan, Haji Hamze Khan, Haji Ali Mohammad Khan, Mehdi Khan Sartip, Zolfaghar Khan and Mohammad Qoli Khan.",disputed,active,"Alternate source list differs from the current canonical v2.8.0 child set. Mohammad Qoli may correspond to Haji Yavar Mohammad Gholi, but that identity is not proven."
C0505,person,P0001,candidate_child,Haji Ali Mohammad Khan is named by Majmooe Asaar as a son of Haji Mohammad Khan Jeyhunabadi.,possible,active,Pending identity and placement reconciliation.
C0506,person,P0001,candidate_child,Mehdi Khan Sartip is named by Majmooe Asaar as a son of Haji Mohammad Khan Jeyhunabadi.,possible,active,Pending identity and placement reconciliation.
C0507,person,P0001,identity_hypothesis,"Majmooe Asaar's Mohammad Qoli Khan may be the same person as the canonical Haji Yavar Mohammad Gholi, but the identification is not yet demonstrated.",possible,active,Keep as hypothesis only; do not merge or alter canonical genealogy.
C0508,person,P0097,descendant_list,"Majmooe Asaar names Mohammad Jafar Khan Majzub Ali Shah, Sadeq Beg, Amin Beg, Rahim Beg and Hossein Ali Beg as children of Haji Safar.",probable,active,Additive source tradition; canonical topology is not changed in this checkpoint.
C0509,person,P0097,biographical_context,"Haji Safar is described as dervish-minded/independent, avoiding government service and attending to agricultural and landed affairs.",confirmed,active,
C0510,person,P0098,descendant_tradition,"Majmooe Asaar names Haji Mirza Safi Qoli Khan, Haji Abolqasem Khan, Haji Morteza Qoli Khan, Mohammad Ali Khan, Hossein Ali Beg and Mehdi Qoli Beg in the Haji Mina branch.",probable,active,Several names do not yet have safe canonical identity matches.
C0511,person,P0098,branch_origin,Majmooe Asaar associates Haji Mirza Safi Qoli Khan with the ancestry of the Kabudarahang khans.,probable,active,Source-derived branch-origin statement; identity placement pending.
C0512,person,P0098,branch_origin,Majmooe Asaar associates Haji Abolqasem Khan with the ancestry of the Yekleh family.,probable,active,Source-derived branch-origin statement; identity placement pending.
C0513,person,P0098,lineage_detail,Majmooe Asaar states that Haji Morteza Qoli Khan was the father of Mohammad Mirza Khan.,probable,active,Potentially important corrective detail if the current chart visually flattens the generations; no topology change in this migration.
C0514,person,P0098,branch_origin,Majmooe Asaar associates Mohammad Ali Khan with the ancestry of Haji Noor Ali Khan.,probable,active,Identity placement pending.
C0515,person,P0098,parentage_support,Majmooe Asaar independently places Haji Mina in the Haji Abdollah line.,probable,active,This strengthens the side of the existing Haji Mina parentage conflict followed by the canonical graph; it does not erase the conflicting Alvandi wording.
C0516,person,P0096,government_service,"Majmooe Asaar says Haji Fazlollah governed Khamseh, Qazvin and Garrus for years.",confirmed,active,Service-context claim from the family genealogy.
C0517,person,P0096,descendant_tradition,"Majmooe Asaar identifies Abdolhossein Khan, Hossein Ali Khan and Haji Mohammad Hossein as principal descendants/branch figures under Haji Fazlollah.",probable,active,Preserve as source genealogy; individual canonical placements remain governed by existing reconciled topology.
C0518,person,P0096,maternal_ancestry,Majmooe Asaar states that Hossein Ali Khan was a maternal ancestor of the late Haji Amir Nezam.,probable,active,The intermediate maternal links are not supplied here; do not invent direct mother/daughter edges.
C0519,person,P0096,branch_origin,Majmooe Asaar associates Abdolhossein Khan with the ancestry of the Qarakhlu/Qarkhlu khans and Hossein Ali Khan with the Hosseinabad khans.,probable,active,Transliteration of the Qarakhlu/Qarkhlu branch name should remain provisional until visual normalization.
C0520,person,P0073,military_role,Majmooe Asaar describes Nasrollah Khan as commander of the Hajilou cavalry.,confirmed,active,
C0521,person,P0073,service_context,Majmooe Asaar says Nasrollah Khan often served in Shiraz under Hasan Ali Mirza Farmanfarma.,confirmed,active,
C0522,person,P0073,descendant_list,"Majmooe Asaar names seven children of Nasrollah Khan: Ghaffar Khan, Mirza Hashem Khan, Mohammad Hossein Khan, Qasem Khan, Hassan Khan, Abdollah Khan and Nasir Beg.",confirmed,active,Source-explicit child list; no canonical child nodes or edges are added in this evidence checkpoint.
C0600,person,P0004,frontier_service,Abdollah Khan Amir Nezam served on a government frontier assignment at Sarakhs/Naseriyeh from approximately 1294 to 1296 AH.,confirmed,active,Mission chronology from the editor's introduction and Kitabche-ye Merv opening.
C0601,person,P0004,authorship,"Abdollah Khan authored the Report on Sarakhs and Naseriyeh Fortress, completed or dated 1296 AH.",confirmed,active,Authorial attribution and report colophon.
C0602,person,P0004,military_rank,During the Sarakhs mission Abdollah Khan is identified as a colonel (sarhang) of the Fadavi Regiment.,confirmed,active,Structured military-command linkage should be added only after exact current military-unit/organization IDs are reconciled.
C0603,event,E0200,garrison_duty,"At Naseriyeh soldiers performed night guard while also undertaking daytime duties involving water works, fuel collection, patrols and response to Turkmen incursions.",confirmed,active,Firsthand description of garrison burden.
C0604,event,E0200,fuel_logistics,"Fuel scarcity forced soldiers to leave the fortress several times each month to collect firewood, and weaker soldiers sometimes purchased it at high prices from Turkmen suppliers.",confirmed,active,Firsthand observation.
C0605,event,E0200,frontier_hardship,Abdollah Khan judged service at Sarakhs to be harder on soldiers than service at Iran's other frontiers because they were rarely free from duty.,confirmed,active,Explicit contemporary assessment by the author.
C0606,person,P0004,administrative_reform,Abdollah Khan proposed replacing two hundred subsidized kharalchi households with twenty-seven useful cavalrymen as a more effective use of state resources.,confirmed,active,Author's reform proposal; preserve as his judgment.
C0607,person,P0004,agricultural_reform,"Abdollah Khan proposed expanding local cultivation and reducing dependence on government grain rations, with produce valued against official Mashhad grain prices.",confirmed,active,Author's administrative recommendation.
C0608,place,L0201,fortress_description,"Abdollah Khan described Naseriyeh as a strongly built fortified settlement with houses, a bazaar and multiple defensive works.",confirmed,active,Avoid normalizing uncertain architectural headcounts and dimensions until visually rechecked.
C0609,place,L0201,garrison_structure,Naseriyeh functioned as both a rotating military garrison and a settlement containing permanently resident military households with wives and children.,confirmed,active,Exact roster numbers remain a separate research question.
C0610,place,L0203,outpost_garrison,Qal'eh Now was described as a small fort about one-quarter farsakh above Sarakhs with a permanent garrison of twenty-five soldiers.,confirmed,active,Source-stated historical distance retained without modern conversion.
C0611,place,L0203,waterworks_protection,"Qal'eh Now protected workers maintaining the Sarakhs river dam and irrigation works, giving them a refuge in case of attack.",confirmed,active,Firsthand defensive-infrastructure description.
C0612,place,L0204,ruined_fort,Qal'eh Qassab was described as an old uninhabited ruin approximately one and one-half farsakhs above Sarakhs.,confirmed,active,Source-stated historical distance retained without modern conversion.
C0613,place,L0205,historical_association,The ruined Qushid Khan Fortress near Sarakhs was associated in Abdollah Khan's account with the Teke leader Qushid Khan and an earlier Teke presence.,probable,active,Historical association reported in Kitabche-ye Merv/Sarakhs material.
C0614,event,E0200,water_infrastructure,"Sarakhs garrison operations depended on river-control infrastructure, and large numbers of soldiers could be required to rebuild or maintain diversion works when water was low.",confirmed,active,Firsthand observation; exact workforce figures should remain source-attributed.
C0615,event,E0200,water_shortage,"During Abdollah Khan's two-year stay, Sarakhs experienced periods when river water failed to reach the settlement and residents relied on wells.",confirmed,active,Firsthand time-bounded observation.
C0616,person,P0004,water_reform,Abdollah Khan recommended construction of one or more cisterns to provide a more reliable reserve when river water was interrupted.,confirmed,active,Author's infrastructure recommendation.
C0617,event,E0200,agricultural_observation,"Abdollah Khan described Sarakhs soil as highly fertile, with abundant melons and watermelons, productive wheat and repeated alfalfa harvests.",confirmed,active,Combines his observation with local testimony; historical yield ratios are intentionally not normalized here.
C0618,person,P0004,ethnographic_investigation,"During his Sarakhs service Abdollah Khan deliberately investigated the conditions, customs, population and life of Turkmen communities around Merv and Sarakhs and compiled the Kitabche-ye Merv.",confirmed,active,Purpose statement at the beginning of Kitabche-ye Merv.
C0619,person,P0004,source_criticism,Abdollah Khan explicitly cautioned that Turkmen tribal histories were transmitted orally and could not be regarded as fully reliable; he therefore questioned elders he considered comparatively trustworthy.,confirmed,active,Important statement about the evidence basis of the historical/tribal narrative.
C0620,event,E0201,salur_state_support,The Kitabche-ye Merv reports that Salur groups supplied Iranian government forces with provisions and furnished about five hundred cavalry.,probable,active,"Historical testimony from informants, not Abdollah Khan's eyewitness observation."
C0621,event,E0201,salur_relocation,"The source reports that Salur households were relocated under Iranian government support to Old Sarakhs, while about five hundred households remained at Zurabad.",probable,active,Source-stated household count and relocation narrative.
C0622,event,E0201,garrison_context,The Qara'i Regiment was garrisoning Naseriyeh Fortress during the Salur relocation episode described in Kitabche-ye Merv.,probable,active,Historical narrative; structured military-unit link deferred pending current unit-ID reconciliation.
C0623,event,E0201,teke_attack,"About six months after the Salur gathered at Sarakhs, the source says Qushid Khan sent approximately three thousand cavalry and infantry under Khajqa Sardar against them.",probable,active,Approximate force size and names are source-attributed historical testimony.
C0624,event,E0201,forced_displacement,"Khajqa Sardar's force seized Salur livestock and compelled the Salur to leave Sarakhs for Merv, where they lived among the Teke.",probable,active,Historical narrative from Kitabche-ye Merv.
C0625,event,E0201,complex_outcome,"The same account says the displaced Salur families were protected during the journey and their livestock was restored, while also portraying their later condition among the Teke as subordinate and impoverished.",probable,active,Preserves the source's internally complex portrayal rather than flattening it.
C0626,event,E0202,campaign_captives,"In Abdollah Khan's transmitted historical account, Abbas Mirza's Sarakhs campaign freed about three thousand Shiite captives and resulted in about five thousand Turkmen captives being taken toward Mashhad.",probable,active,These are source-reported figures from a non-eyewitness historical narrative and are not independently verified here.
C0700,person,P0004,khuzestan_service,Abdollah Khan served in Khuzestan for approximately two and a half years during the 1305–1308 AH period and documented the mission in a dedicated report.,confirmed,active,Primary-source mission framing.
C0701,event,E0210,initial_base,The Fadavi Regiment reached Khuzestan before Nezam al-Saltaneh and initially camped outside Dezful.,confirmed,active,Firsthand military narrative.
C0702,event,E0211,summer_deployment,"During the Falahiyah crisis the Fadavi Regiment marched in extreme summer heat, remained at Falahiyah about two months, and then moved toward Ahvaz and Hoveyzeh.",confirmed,active,Firsthand service narrative.
C0703,event,E0211,climate_hardship,"Abdollah Khan described Falahiyah as exceptionally hot and oppressive, with severe humid sharji conditions, hot winds and dangerous scorpions.",confirmed,active,Authorial observation; source-stated temperature measurements are not normalized here.
C0704,event,E0211,garrison_disposition,"After order was restored, four detachments were left as garrisons in Falahiyah and Hoveyzeh while most of the regiment returned to Shushtar.",confirmed,active,Military disposition.
C0705,event,E0211,mohammerah_detachment,"Before the New Year, one hundred soldiers and fifty military musicians accompanied Nezam al-Saltaneh toward Mohammerah.",confirmed,active,Source-stated troop and musician numbers.
C0706,place,L0211,urban_economy,"Abdollah Khan described Dezful as comparatively prosperous and reported about three hundred shops, five caravanserais and ten bathhouses.",confirmed,active,Contemporary estimate by the author.
C0707,place,L0211,long_distance_trade,"Merchants of Dezful and Shushtar maintained commercial relationships extending to Bombay/India and traded goods including wool, borage, lambskins and opium.",confirmed,active,Trade geography reported by Abdollah Khan.
C0708,place,L0211,bridge_condition,Abdollah Khan described the Dezful bridge as having twenty-one major arches and reported a partial collapse that temporarily forced travelers to cross by raft.,confirmed,active,Historical measurements and condition should remain source-attributed.
C0709,place,L0213,route_relation,Shush and the shrine of the Prophet Daniel were described as approximately four farsakhs from Dezful.,confirmed,active,Historical distance retained in farsakhs.
C0710,place,L0218,road_stage,"Govanak was an intermediate stage on the Dezful–Shushtar road, with saline water and Bakhtiari Chahar-Lang residents.",confirmed,active,Road-stage observation.
C0711,place,L0212,route_relation,Abdollah Khan gave the Dezful–Shushtar road as approximately ten farsakhs and described a stretch beyond Govanak with no fresh water.,confirmed,active,Historical distance and water conditions.
C0712,place,L0212,river_geography,At Shushtar the river system divided into the Shatit and Karun branches as described by Abdollah Khan.,confirmed,active,Contemporary hydrological description.
C0713,place,L0212,population_estimate,Abdollah Khan estimated Shushtar at roughly four thousand households and about twenty-two thousand people.,confirmed,active,Source-stated contemporary estimate.
C0714,place,L0212,artillery_inventory,"The report records twenty-one old muzzle-loading guns at Shushtar, many without carriages, with some repaired for operations toward Falahiyah and Ahvaz.",confirmed,active,Source-stated military inventory.
C0715,person,P0004,infrastructure_reform,At Ahvaz Abdollah Khan recommended staged canal development before committing the state to full reconstruction of the old dam.,confirmed,active,Authorial reform proposal.
C0716,event,E0213,cost_estimate,Abdollah Khan estimated that full reconstruction of the Ahvaz dam and related canals might cost more than one hundred fifty thousand tomans.,confirmed,active,"Contemporary source estimate, not modernized."
C0717,person,P0004,port_reform,"Abdollah Khan criticized delays caused by shipping through Basra before Mohammerah and advocated more direct, formal port procedures at Mohammerah/Sahebqaraniyeh.",confirmed,active,Authorial administrative recommendation.
C0718,place,L0215,urban_economy,Falahiyah was described as roughly five hundred households with about one hundred shops and commercial ties to Shushtar and Mohammerah.,confirmed,active,Contemporary estimate and commercial observation.
C0719,event,E0212,local_independence,"At Nezam al-Saltaneh's arrival, Sheikh Abdollah Khan was described as exercising effectively independent authority in Falahiyah.",confirmed,active,Political situation as reported by Abdollah Khan.
C0720,event,E0212,mediation_attempt,The government first attempted to mediate the Falahiyah dispute and dispatched two detachments of Chaharmahal troops with an Austrian mountain gun.,confirmed,active,Political-military response.
C0721,event,E0212,political_outcome,"After the mediation failed and government forces approached, Sheikh Abdollah Khan withdrew toward Mohammerah and local sheikhs accepted Sheikh Ja'far Khan's authority.",confirmed,active,Outcome of the crisis.
C0722,event,E0212,authorial_assessment,Abdollah Khan judged Sheikh Ja'far Khan highly capable and particularly suitable for governing Falahiyah.,confirmed,active,"Explicit authorial judgment, not a neutral fact."
C0723,place,L0216,ruling_lineage,Abdollah Khan described the government of Hoveyzeh as historically associated with descendants of Sayyid Mohammad ibn Falah.,confirmed,active,Historical-political framing from the report.
C0724,place,L0216,fiscal_governance,"During Nezam al-Saltaneh's administration, Mowla Nasrollah Khan was assigned Hoveyzeh and associated territories for an annual fiscal obligation reported as six thousand tomans.",confirmed,active,Source-stated fiscal arrangement.
C0725,place,L0216,political_leverage,Abdollah Khan regarded Mowla Motalleb Khan's prestige among Arab groups as useful political leverage over the Bani Torof even when he was out of office.,confirmed,active,Authorial political assessment.
C0726,place,L0216,bani_torof_power,Abdollah Khan described the Bani Torof as controlling important fertile lands and regarded excessive growth of their political power as a problem requiring balance.,confirmed,active,Authorial assessment; preserve attribution.
C0727,place,L0216,bani_saleh_geography,The Bani Saleh were described as a tent-dwelling group cultivating dry-farmed lands south of Hoveyzeh and grazing seasonally between the Karkheh River and Hoveyzeh.,confirmed,active,Contemporary ethnographic/geographic description.
C0728,place,L0216,bani_saleh_leaders,"The report names Mahudar, Haji Ne'mat and Mahawi as leaders associated with the Bani Saleh.",confirmed,active,Names preserved from source; normalized transliteration remains open.
C0729,place,L0216,bani_saleh_force,The report attributes approximately fifteen hundred mounted men and riflemen to the Bani Saleh.,confirmed,active,Source-stated force estimate.
C0730,place,L0216,demographic_uncertainty,The Bani Saleh passage contains apparently inconsistent household figures that should not be normalized until visually reconciled.,confirmed,active,Evidence-quality flag retained in claim layer.
C0731,person,P0004,administrative_style,"Across the Khuzestan report Abdollah Khan repeatedly evaluated roads, water, military readiness, settlement, agriculture, trade and local political authority as interdependent parts of provincial administration.",probable,active,Interpretive synthesis grounded in multiple explicit recommendations; not a direct quotation.
C0800,person,P0004,shirazi_service,In 1309 AH Abdollah Khan went to Shiraz with the Fadavi Regiment and was assigned responsibility for guarding Shiraz and its citadel.,confirmed,active,Editor's biographical synthesis.
C0801,person,P0004,hamadan_crisis,"In 1310 AH Abdollah Khan was drawn into the Molla Abdollah Borujerdi crisis, summoned to Tehran, imprisoned and put in chains.",confirmed,active,The fact of detention is secure; sources differ on motive and political framing.
C0802,person,P0004,release_payment,"A source cited in the historical literature records a 7,000-toman payment associated with Abdollah Khan's release after the 1310 AH detention.",probable,active,"Preserve as source-reported financial outcome, not a fully reconstructed legal judgment."
C0803,person,P0004,fars_command_rehabilitation,Within months of the 1310 AH imprisonment Abdollah Khan was restored to command and appointed to lead the Fars forces.,confirmed,active,Major career reversal.
C0804,person,P0004,fars_deputy_governor,In Ramadan 1311 AH Abdollah Khan became deputy governor of Fars after Nezam al-Saltaneh Mafi's removal.,confirmed,active,Editor's chronology.
C0805,event,E0233,shirazi_casualties,The source reports roughly seven or eight deaths during the Shiraz confrontation involving Abdollah Khan's regiment.,confirmed,active,Historical source estimate; do not normalize beyond the stated range.
C0806,person,P0004,khuzestan_governor_1314,"In Dhu al-Qa'dah 1314 AH Abdollah Khan Sardar Akram became governor and military head of Khuzestan, replacing Ahmad Khan Ala al-Dowleh.",confirmed,active,Editor and later Gharagozloo history corroborate this appointment.
C0807,person,P0004,title_distribution_family,"At the time of the 1314 AH Khuzestan appointment, Hossein Qoli Khan received his father's former title Sa'ed al-Saltaneh and Mohtaj Ali Khan received Ejlal al-Mamalek.",confirmed,active,Title transfers are source-reported; no genealogy changes.
C0808,person,P0004,royal_honor_1316,A jeweled sword was reportedly awarded to Abdollah Khan in 1316 AH in recognition of his Khuzestan service.,confirmed,active,Corroborated in the Gharagozloo history; retained here as a mature-career honor claim.
C0809,person,P0004,landed_wealth,"Later sources portray Abdollah Khan as a major landholder, with a source-stated figure of roughly 120 villages/properties across Hamadan, Arak and Khamseh late in life.",probable,active,The aggregate number should remain a historical estimate until estate-by-estate reconstruction.
C0810,person,P0004,anti_constitutional_position,A report preserved by the editor portrays Abdollah Khan Sardar Akram as strongly opposed to the early Majles and constitutional movement in 1324 AH.,confirmed,active,Time-bounded political position; do not treat as immutable lifelong identity.
C0811,person,P0004,grain_crisis_accusation,"During a Hamadan grain crisis, townspeople and officials accused Abdollah Khan and other major khans of withholding grain.",confirmed,active,"Accusation preserved as accusation, not established guilt."
C0812,person,P0004,grain_crisis_response,Abdollah Khan later wrote to his steward indicating that he did not approve of hoarding grain.,confirmed,active,Self-defense/counter-evidence preserved alongside accusations.
C0813,person,P0004,command_revoked_1325,In Muharram 1325 AH Abdollah Khan's Amir Noyan/Sardar Akram command was abolished and his Fars military salary was stopped.,confirmed,active,Editor's chronology.
C0814,person,P0004,kurdistan_nomination_blocked,"In Safar 1325 AH Abdollah Khan was nominated to govern Kurdistan, but the Majles blocked the appointment.",confirmed,active,Political reversal during constitutional period.
C0815,person,P0004,fadavi_pay_crisis,On 27 Rabi II 1326 AH a Fadavi Regiment wage protest led to Abdollah Khan's War Ministry questioning and dismissal from government office.,confirmed,active,Editor's chronology.
C0816,person,P0004,amir_nezam_restoration,"After Mohammad Ali Shah's coup against the constitutional order, Abdollah Khan was restored to royal favor and granted the title Amir Nezam.",confirmed,active,Royalist restoration.
C0817,person,P0004,tabriz_campaign,In Ramadan 1326 AH Abdollah Khan Amir Nezam commanded Hamadan regiments in the royalist campaign against constitutionalist Tabriz.,confirmed,active,Politically sensitive event stated without advocacy.
C0818,person,P0004,finance_minister,Abdollah Khan served as Minister of Finance in 1327 AH and later again in the Ayn al-Dowleh cabinet in 1333 AH.,confirmed,active,Cabinet service.
C0819,person,P0004,mosaddegh_criticism,Mohammad Mosaddegh later criticized Amir Nezam's competence as finance minister and alleged that he used divination when considering appointments.,confirmed,active,"Retrospective criticism attributed to Mosaddegh, not adopted as archive judgment."
C0820,person,P0004,kurdistan_governor,"The editor identifies Abdollah Khan as governor of Kurdistan by 1328 AH, though the exact start date is uncertain.",probable,active,Keep date uncertainty explicit.
C0821,person,P0004,kordabad_excavation_investigation,"In 1328 AH officials investigated excavations on Abdollah Khan's Kordabad property; reports accused him of extensive digging for antiquities, while he claimed to have purchased government authorization for 3,000 tomans.",confirmed,active,Investigation and competing claims preserved; no finding of guilt asserted.
C0822,person,P0004,salar_al_dowleh_episode,"During the Salar al-Dowleh crisis around 1330 AH Abdollah Khan first associated his force with Salar al-Dowleh while remaining somewhat separate, then joined government forces under Farmanfarma after Salar retreated.",confirmed,active,Sequence preserved separately from the editor's harsher interpretation.
C0823,person,P0004,third_majles_election,"On 28 Rajab 1332 AH Abdollah Khan was elected as one of Hamadan's deputies to the Third Majles with a source-reported 4,829 votes.",confirmed,active,Major political reversal from earlier anti-Majles stance.
C0824,person,P0004,death,"Abdollah Khan died on Sunday, 23 Sha'ban 1334 AH (1916 CE), after a partial stroke while the First World War had reached Hamadan.",confirmed,active,Editor's biographical statement.
C0825,person,P0004,political_trajectory,Abdollah Khan's later career moved from early opposition to the constitutional movement and royalist military service to eventual election as a Third Majles deputy.,probable,active,Archive synthesis derived from dated events; not a direct quotation.
C0900,person,P0004,mecca_pilgrimage,Abdollah Khan undertook a Mecca pilgrimage in 1319 AH and left a surviving first-person travelogue of the journey.,confirmed,active,Primary-source authorship and travel event.
C0901,event,E0264,route_comparison,"Abdollah Khan compared alternative routes from Baku toward Istanbul via Tiflis/Batum and northern Black Sea connections, weighing time, price and comfort.",confirmed,active,First-person transport analysis.
C0902,event,E0264,through_ticket_route,"The diary describes an integrated Istanbul-to-Jeddah ticket using ship travel to Alexandria, rail transport through Egypt toward Suez, and ship travel from Suez to Jeddah.",confirmed,active,Historical transport network.
C0903,event,E0264,egypt_rail_observation,"Abdollah Khan recorded railway distance, stages and class-based fares on the Alexandria/Egypt–Suez corridor, including Ismailia.",confirmed,active,Source-stated transport data.
C0904,place,L0251,harbor_pilotage,On approaching Jeddah the diary describes dangerous rocky waters and a local pilot boarding the vessel to guide it safely into anchorage.,confirmed,active,First-person maritime observation.
C0905,person,P0004,pilgrim_fee_accusation,"Abdollah Khan accused the Iranian consular establishment associated with Jeddah of repeated fee extraction from Iranian pilgrims through passport, transport and related charges.",confirmed,active,Confirmed as an accusation made by the author; the underlying misconduct is not independently adjudicated here.
C0906,person,P0004,deceased_pilgrim_property_accusation,Abdollah Khan alleged that belongings of Iranian pilgrims who died could be taken into consular control in ways he regarded as abusive.,confirmed,active,"Authorial accusation, not independent finding of misconduct."
C0907,person,P0004,consular_reform_recommendation,Abdollah Khan argued that Iranian pilgrims might be better served without the existing Jeddah consular arrangement and favored more direct dealings with the Sharif of Mecca.,confirmed,active,Authorial administrative recommendation.
C0908,place,L0250,population_estimate,Abdollah Khan estimated Mecca's population at approximately eighty thousand.,confirmed,active,Source-stated contemporary estimate.
C0909,place,L0250,urban_architecture,Abdollah Khan described many Meccan houses as multi-story stone-and-plaster buildings and compared aspects of their form with buildings he had seen elsewhere.,confirmed,active,First-person urban observation.
C0910,place,L0250,sanitation_observation,Abdollah Khan strongly criticized street sanitation in Mecca and reported raising the issue with the Sharif.,confirmed,active,First-person urban criticism.
C0911,event,E0261,cholera_outbreak,A severe cholera outbreak in Mecca during Dhu al-Hijjah 1319 AH altered the plans of many pilgrims and Abdollah Khan's own onward travel decisions.,confirmed,active,First-person diary account.
C0912,person,P0004,estekhareh_travel_decision,Abdollah Khan records using estekhareh when deciding whether to continue toward Medina during the cholera outbreak.,confirmed,active,Direct self-report; this independently demonstrates personal use of estekhareh in travel decisions.
C0913,event,E0261,bodies_seen,On 14 Dhu al-Hijjah 1319 AH Abdollah Khan reported seeing roughly fifty dead people along the road as cholera worsened.,confirmed,active,Source-stated eyewitness estimate.
C0914,event,E0261,departure_delayed,On 15 Dhu al-Hijjah Abdollah Khan's planned departure was delayed because transport animals could not be obtained.,confirmed,active,First-person diary entry.
C0915,event,E0262,wife_death,Abdollah Khan's wife died in Mecca on 15 Dhu al-Hijjah 1319 AH after severe illness during the pilgrimage.,confirmed,active,Editor notes indicate pre-existing heart palpitations and worsening illness amid cholera and heat; her personal identity remains unresolved.
C0916,person,P0004,devotional_acts_for_others,"During the final days in Mecca Abdollah Khan records performing devotional acts on behalf of the Shah, Atabak-e A'zam, Sepahsalar, his father, his mother and the late Haji Mohammad Khan.",confirmed,active,First-person diary; preserve as religious/personal practice.
C0917,event,E0263,refused_hand_kissing,Before meeting the Sharif of Mecca Abdollah Khan was told that custom required kissing the Sharif's hand; he explicitly refused and entered without doing so.,confirmed,active,First-person account of his own conduct.
C0918,event,E0263,raised_pilgrim_concerns,"During the meeting with the Sharif, Abdollah Khan raised concerns about pilgrim treatment and expressed appreciation for comparatively favorable treatment of Shi'i pilgrims.",confirmed,active,First-person encounter.
C0919,person,P0004,sacred_site_visits,"The closing diary entries record visits to the cemetery associated with Abu Talib and sites connected with Amina, Khadija, Abd al-Muttalib and Abd Manaf.",confirmed,active,Religious travel observation.
C0920,person,P0004,surviving_diary_endpoint,The surviving Mecca travelogue does not provide a complete return-home itinerary after the final Mecca entries.,confirmed,active,Archive-level source-boundary statement.
C0921,person,P0004,europe_travel_reference,"Abdollah Khan's surviving writings refer retrospectively to earlier European travel, including Rome, Paris, St. Petersburg and Moscow.",confirmed,active,Retrospective reference only; no full Europe diary is currently present in the source collection.
C0922,person,P0004,king_of_italy_reference,The surviving writings/editorial synthesis report that Abdollah Khan referred to having met the King of Italy.,probable,active,Preserve as retrospective self-reference/editorial synthesis until the original Europe diary is located.
C0923,person,P0004,missing_europe_travelogue,"The editor states that Abdollah Khan referred to a separate European travelogue, but that work was not among the eight writings located and published in Majmooe Asaar.",confirmed,active,Source-preservation fact; do not treat the missing travelogue as directly available evidence.
C0924,person,P0004,international_observational_style,"The Mecca travelogue shows Abdollah Khan repeatedly comparing transport systems, prices, urban form, administration and public services across multiple countries and cities.",probable,active,Archive synthesis based on multiple direct observations; not a quotation.
C1000,person,P0004,merv_booklet_authorship,"Abdollah Khan authored Kitabcheh-ye Merv, a distinct report completed in 1296 AH.",confirmed,active,Keep distinct from the Sarakhs/Naseriyeh report.
C1001,place,L0270,teke_divisions,The Merv booklet associates major Teke groupings with Aqtemish and Taqtemish branches and with Merv and Akhal.,confirmed,active,Source's ethnographic classification.
C1002,event,E0281,araz_khan_association,The source associates Araz Khan with building Qarli Band on the Tejen.,confirmed,active,Historical source attribution.
C1003,event,E0281,agricultural_effect,The source links Qarli Band irrigation with expanded cultivation and improved grain prosperity.,confirmed,active,Historical economic/environmental claim.
C1004,place,L0271,khvajam_shokur_migration,Khvajam Shokur Aq-Saqal is described as an influential leader associated with movement of Teke groups between Tejen and Sarakhs.,confirmed,active,Historical political/tribal narrative.
C1005,place,L0271,khvajam_shokur_following,The source says roughly six thousand households eventually gathered under Khvajam Shokur's authority.,confirmed,active,Source-stated demographic estimate.
C1006,place,L0271,khvajam_shokur_trade_control,Abdollah Khan portrays Khvajam Shokur as exercising severe coercive authority over trade and internal discipline.,confirmed,active,Authorial portrayal; not neutral character judgment.
C1007,event,E0282,qushid_khan_commander,Qushid Khan is described as having been selected as commander during a major conflict involving Turkmen groups and Khiva.,confirmed,active,Historical narrative.
C1008,place,L0273,founder_association,The source associates Qushid Khan with building the fortress later bearing his name near Sarakhs.,confirmed,active,Person-place association retained in claim layer pending person-ID reconciliation.
C1009,event,E0282,khiva_advance,Mohammad Amin Khan of Khiva advanced from the Merv region toward Sarakhs and surrounded the Teke defensive concentration at Qushid Khan's fortress.,confirmed,active,Historical battle narrative.
C1010,event,E0282,teke_attempted_submission,"Before the fighting, the Teke reportedly attempted submission through gifts of money and horses, which Mohammad Amin Khan rejected.",confirmed,active,Source's sequence of events.
C1011,event,E0282,teke_field_commanders,"The source names Aman Sa'd Sardar and Bardi Niyaz Khan, son of Araz Khan, among Teke commanders during the battle.",confirmed,active,Names preserved from source; transliteration may need later normalization.
C1012,event,E0282,mohammad_amin_khan_death,The source says Mohammad Amin Khan of Khiva was killed during the battle near Sarakhs.,confirmed,active,Historical claim as reported by Abdollah Khan.
C1013,event,E0282,mir_ahmad_retreat,Mir Ahmad Khan Jamshidi is described as reorganizing the surviving Khivan army and withdrawing it in good order.,confirmed,active,Historical military narrative.
C1014,event,E0283,no_single_ruler,"After Qushid Khan's death, the source says no single Merv khan was accepted by the entire Teke population.",confirmed,active,Political fragmentation.
C1015,event,E0283,major_chiefs,"The source identifies Araz Morad Khan, Beg Morad Khan, Baba Khan son of Qushid Khan, and Nur Verdi Khan among the principal chiefs in the fragmented leadership structure.",confirmed,active,Leadership names preserved from source.
C1016,event,E0283,abdollah_leader_assessments,Abdollah Khan judges Nur Verdi Khan and Beg Morad Khan favorably while describing Baba Khan very negatively.,confirmed,active,"Explicit authorial assessment, not neutral personality fact."
C1017,place,L0270,irrigation_dependency,"The Merv economy is described as highly dependent on river and dam irrigation, with major disorder when the dam failed.",confirmed,active,Environmental/economic observation.
C1018,place,L0270,collective_dam_labor,The source describes mobilization of several thousand workers to repair damaged irrigation infrastructure.,confirmed,active,Source-stated labor scale.
C1019,place,L0270,agricultural_products,"The source describes strong production of melons, watermelons, pumpkins, grains and other field crops, while fruit gardens were relatively scarce.",confirmed,active,Contemporary agricultural description.
C1020,place,L0270,fuel_sources,"Camel-thorn shrubs and tamarisk are described as important fuel sources, with winter fuel stockpiling.",confirmed,active,Environmental/economic observation.
C1021,place,L0270,weekly_markets,"The source reports two weekly markets, on Mondays and Thursdays, near Qushid Khan's house in the Taqtamish area.",confirmed,active,Commercial routine.
C1022,place,L0270,wealth_distribution,Abdollah Khan estimates that large cash fortunes were uncommon among the Teke population of Merv.,confirmed,active,Authorial estimate; do not convert into modern wealth statistics.
C1023,place,L0270,cavalry_decline,Abdollah Khan argues that Teke cavalry numbers had declined and that assembling even ten thousand mounted men would have been difficult in his time.,confirmed,active,Authorial military assessment.
C1024,place,L0270,rifle_infantry_strength,"Abdollah Khan describes Teke rifle infantry as formidable, including prone firing and an effective range he reports at around three hundred paces.",confirmed,active,Authorial military assessment.
C1025,place,L0270,mirkan_term,The source uses the term mirkan for the type of Teke rifleman being described.,confirmed,active,Preserve source terminology.
C1026,place,L0270,salur_subordination,"The source portrays Salur communities in Merv as politically and economically subordinate to Teke power, including limited land and water autonomy.",confirmed,active,Ethnographic/social description; time- and source-bounded.
C1027,place,L0270,salur_intermarriage_barriers,"Abdollah Khan describes social barriers around intermarriage between Salur and Teke groups, while noting that wealth could sometimes override them.",confirmed,active,"Historical social observation, not timeless generalization."
C1028,person,P0004,merv_analytical_scope,"In the Merv booklet Abdollah Khan combines political history, ethnography, warfare, irrigation, agriculture, markets, wealth and military analysis in one regional report.",probable,active,Archive synthesis derived from the work's structure.
C1100,person,P0004,kalat_three_reports,"Majmooe Asaar preserves three distinct Kalat Naderi reports by Abdollah Khan, including a 1302 AH strategic report and a separate repair-inspection booklet.",confirmed,active,Source-work boundary claim.
C1101,event,E0300,sheep_capacity,Abdollah Khan estimated that Kalat could internally sustain roughly six thousand sheep without outside pasture.,confirmed,active,Source-stated estimate.
C1102,event,E0300,mare_capacity,Abdollah Khan estimated that Kalat could internally sustain roughly five hundred mares.,confirmed,active,Source-stated estimate.
C1103,event,E0300,actual_sheep_holdings,The source reports actual sheep holdings around twelve thousand.,confirmed,active,Historical estimate.
C1104,event,E0300,seasonal_pasture,The report describes prolonged seasonal pasture availability in Kalat's mountain and valley environment.,confirmed,active,Environmental observation.
C1105,event,E0300,fuel_resources,Brushwood from Shir Kuh and other local mountain vegetation served as major fuel resources.,confirmed,active,Environmental/economic observation.
C1106,event,E0300,wild_pistachio,The report describes substantial wild pistachio growth in areas behind the Kalat mountains.,confirmed,active,Environmental observation.
C1107,event,E0300,cumin_abundance,Abdollah Khan describes abundant Maku'i cumin in and around Kalat.,confirmed,active,Source terminology retained.
C1108,event,E0300,cumin_tax_potential,Abdollah Khan argues that organized cumin collection could potentially cover Kalat's entire tax obligation.,confirmed,active,"Authorial economic assessment, not audited fiscal fact."
C1109,event,E0300,local_resource_capture,Abdollah Khan believed local inhabitants could profit more from resources then being harvested seasonally by outsiders from Tabas near Kashtani and Chub Mast.,confirmed,active,Authorial economic recommendation; botanical term remains unresolved.
C1110,event,E0300,population_provisioning,The report argues that Kalat's internal food production could provision a population around ten thousand even though far fewer soldiers should be needed for defense.,confirmed,active,Authorial capacity estimate.
C1111,event,E0301,self_sufficient_defense,Abdollah Khan considered Kalat unusually defensible because water and provisions could be produced within the fortified region.,confirmed,active,Strategic assessment.
C1112,event,E0301,five_principal_entrances,Report 2 identifies five principal entrances suitable for routine passage of men and horses.,confirmed,active,Strategic geography.
C1113,event,E0301,seventy_five_footpaths,"Report 2 describes approximately seventy-five additional pedestrian routes, several of which could also admit horses.",confirmed,active,Survey estimate before more detailed repair inspection.
C1114,event,E0301,reduced_garrison_estimate,"After proper fortification, Abdollah Khan estimated that roughly two hundred to three hundred soldiers could secure Kalat.",confirmed,active,Authorial defense estimate.
C1115,event,E0301,fortification_payback,He argued that fortification costs could be recovered within roughly one year through savings in recurring military salaries and rations.,confirmed,active,Authorial fiscal/defense analysis.
C1116,event,E0301,cavalry_reform,The source describes an older nominal 300-cavalry establishment reorganized under Asef al-Dowleh into 100 reliable mounted men.,confirmed,active,Historical administrative claim.
C1117,event,E0301,cavalry_pay,The reorganized cavalry were reported as receiving twenty tomans annually per rider.,confirmed,active,Source-stated pay figure.
C1118,event,E0301,fiscal_return_after_reform,The source reports roughly four hundred tomans cash and four hundred kharvars in kind returning to the administration after cavalry expenses.,confirmed,active,Historical fiscal estimate.
C1119,event,E0301,artillery_inventory,Report 2 records six artillery pieces in Kalat.,confirmed,active,Source-stated inventory.
C1120,place,L0294,artillery_position,Two guns at Darband-e Nafta were described as operational/useful.,confirmed,active,Artillery placement.
C1121,place,L0291,artillery_position,Two guns at Arghavan Shah were described as badly oriented and effectively useless in their existing position.,confirmed,active,Authorial military assessment.
C1122,place,L0296,artillery_condition,Two guns at Kobud Gonbad were reported lying without carriages.,confirmed,active,Artillery condition.
C1123,event,E0301,mountain_gun_recommendation,Abdollah Khan considered small mule-transported Austrian mountain guns especially suitable for Kalat.,confirmed,active,Authorial recommendation.
C1124,event,E0302,five_named_darbands,"Report 3 names Arghavan Shah, Kashtani, Chub Mast, Nafta and Dehcheh as the five principal darbands.",confirmed,active,Detailed engineering survey.
C1125,event,E0302,seventy_nine_approaches,Abdollah Khan states that he personally inspected seventy-nine pedestrian approaches and worked out how each could be blocked or fortified.,confirmed,active,First-person field-inspection claim.
C1126,event,E0302,route_count_refinement,The 75-route figure in Report 2 and 79-route figure in Report 3 are best preserved as probable progressive survey refinement rather than silently treated as identical.,probable,active,"Archive reconciliation note, not source quotation."
C1127,event,E0302,ruined_guard_posts,"The source says many old guard towers had collapsed, forcing guards to live in tents or rock crevices.",confirmed,active,First-person inspection observation.
C1128,event,E0302,material_transport,Construction materials sometimes had to be carried by people for roughly half a farsakh to a full farsakh to high work sites.,confirmed,active,Construction logistics.
C1129,event,E0302,earthwork_routes,"Abdollah Khan estimated that roughly twenty approaches could be blocked comparatively cheaply with earth/fill, while many others required masonry.",confirmed,active,Engineering recommendation.
C1130,event,E0302,spring_water_strategy,He recommended beginning some high-elevation construction in early spring so rainwater could be collected for masonry work.,confirmed,active,Construction logistics recommendation.
C1131,event,E0302,water_transport_cost,"Where water had to be carried to work sites, the source gives a cost around ten shahis per water skin, varying by location.",confirmed,active,Source-stated construction cost.
C1132,event,E0302,naderi_durability_standard,Abdollah Khan treated surviving Naderi construction as the appropriate standard of durability for new repairs.,confirmed,active,Authorial engineering judgment.
C1133,event,E0302,behbud_repair_failure,He contrasted Naderi works with recent repairs under Behbud Khan that had reportedly deteriorated within only a few years.,confirmed,active,Authorial comparison.
C1134,event,E0302,strategic_repair_budget,Abdollah Khan estimated that durable major defensive repairs could be carried out for roughly five thousand tomans under competent and honest supervision.,confirmed,active,Authorial budget estimate.
C1135,event,E0302,corruption_warning,"He warned that poor or dishonest management could spend around twenty thousand tomans and still produce weak, short-lived construction.",confirmed,active,"Illustrative warning, not an audited corruption case."
C1136,event,E0302,oversight_standard,"Abdollah Khan recommended a trustworthy overseer who remained personally present, inspected workmanship, and had no financial self-interest in the work.",confirmed,active,Governance/engineering recommendation.
C1137,event,E0302,government_complex_budget,"For the government/mausoleum complex, he distinguished a fuller restoration around fifteen hundred tomans from a minimum functional repair around five hundred tomans.",confirmed,active,Different project scopes; not contradictory budgets.
C1138,event,E0302,granary_capacity,He recommended a grain store capable of holding at least two thousand kharvars of wheat.,confirmed,active,Fortress logistics recommendation.
C1139,person,P0004,kalat_administrative_style,"Across the Kalat reports Abdollah Khan repeatedly links defensibility to internal provisioning, durable infrastructure, realistic manpower, careful budgeting and honest supervision.",probable,active,Archive synthesis based on multiple explicit recommendations.
C1200,person,P0004,fars_fiscal_treatise,Abdollah Khan authored a distinct treatise analyzing taxation and provincial fiscal administration in Fars.,confirmed,active,Source-work claim.
C1201,event,E0320,fiscal_chain,"The treatise analyzes revenue movement through a chain of central government, provincial governor, subordinate officials or tribal authorities, and cultivators/households.",confirmed,active,Administrative structure.
C1202,event,E0320,good_governor_insufficient,Abdollah Khan argues that appointing an intelligent or just governor is insufficient unless relationships among fiscal layers are formally bounded and defined.,confirmed,active,Core reform argument.
C1203,event,E0320,arbabi_vs_khalesegi,The treatise distinguishes landed/arbabi tax systems from khalesegi and tribal fiscal systems.,confirmed,active,Administrative typology.
C1204,event,E0320,arbabi_abuse_channels,"In landed-property systems, Abdollah Khan says abuse more often entered through bribes, gifts, fines and fabricated charges than through formal reassessment known to landowners.",confirmed,active,Authorial analysis.
C1205,place,L0311,darab_total_estimate,The Darab example gives tax plus tafavot-e amal at roughly twenty-seven thousand tomans.,confirmed,active,Source-stated figure.
C1206,place,L0311,relief_capture,Abdollah Khan argues that cutting the provincial demand on Darab would not automatically reduce what cultivators paid; the benefit could be retained by the district governor.,confirmed,active,Fiscal-incidence analysis.
C1207,event,E0320,khalesegi_districts,"Qir-o Karzin, Laristan, Darab and Behbahan are among districts cited in discussion of khalesegi-style fiscal arrangements.",confirmed,active,Named examples.
C1208,event,E0320,customary_shares,"The treatise discusses customary agricultural shares such as ushr and khoms, and in some contexts fixed dues associated with productive assets such as date palms.",confirmed,active,Historical tax categories.
C1209,event,E0320,lease_comparison,"Abdollah Khan compares some local revenue arrangements to leasing, where an administrator committed to pay above the formal assessment and sought profit through greater cultivation/output.",confirmed,active,Authorial institutional comparison.
C1210,event,E0320,no_arbitrary_rate_increase,He argues that a customary one-tenth levy should not simply be converted to one-fifth under the pretext of raising more revenue.,confirmed,active,Authorial limit on extraction.
C1211,event,E0320,tribal_examples,"Qashqai, Arab and Baharlu groups are explicitly cited in discussion of tribal household taxation through kadkhodas and subordinate chiefs.",confirmed,active,Named tribal examples.
C1212,event,E0320,tribal_relief_capture,Abdollah Khan argues that reducing state demands on tribal leadership would not necessarily reduce what ordinary tribal households paid.,confirmed,active,Fiscal-incidence analysis.
C1213,place,L0012,haji_rostam_identity,The source identifies Haji Rostam Khan as son of Fath Ali Khan Lari in the Laristan fiscal example.,confirmed,active,Do not create canonical person record until identity reconciliation.
C1214,place,L0012,haji_rostam_margin,The source estimates Haji Rostam Khan's revenue above official government tax at roughly fifty to eighty thousand tomans.,confirmed,active,"Historical source estimate, not audited account."
C1215,place,L0012,laristan_tafavot,The source reports roughly thirty-two thousand tomans paid to the Fars government as tafavot-e amal in the Laristan example.,confirmed,active,Historical source figure.
C1216,place,L0012,laristan_incidence,Abdollah Khan uses the Laristan case to argue that shifting revenue between the provincial governor and local administrator does not necessarily benefit cultivators.,confirmed,active,Fiscal-incidence argument.
C1217,event,E0320,customary_vs_arbitrary,Abdollah Khan distinguishes customary principal and supplementary fiscal obligations from arbitrary fines and extractions.,confirmed,active,Authorial administrative distinction.
C1218,event,E0320,peasant_complaint_cause,"He attributes many cultivator complaints to excessive additional demands, fines and invented exactions imposed beyond customary obligations.",confirmed,active,Authorial interpretation of complaints.
C1219,event,E0320,pishkesh_range,The treatise discusses Fars governors paying pishkesh on the order of roughly fifty to one hundred thousand tomans.,confirmed,active,Source-stated magnitude.
C1220,event,E0320,pishkesh_not_root_cause,Abdollah Khan argues that pishkesh to Tehran was not by itself the root cause of lower-level exactions because customary intermediary margins could remain even if pishkesh disappeared.,confirmed,active,Fiscal-incidence argument.
C1221,event,E0320,top_level_relief_not_enough,"Abolishing a payment at the top of the fiscal chain does not, in Abdollah Khan's analysis, guarantee relief at the bottom.",confirmed,active,Archive phrasing of explicit argument.
C1222,event,E0320,bounded_defined_relations,His reform principle is that principal and supplementary obligations and dealings between each administrative layer should be explicitly limited and defined.,confirmed,active,Core reform principle.
C1223,event,E0320,predictability_over_blanket_cut,The treatise emphasizes predictable obligations and constrained discretionary authority more than a blanket reduction of all customary taxation.,probable,active,Archive synthesis of repeated explicit arguments.
C1224,event,E0320,baqi_definition,"Abdollah Khan explains that some ""baqi-ye Fars"" arrears could represent revenue already collected from taxpayers but spent by subordinate officials before remittance.",confirmed,active,Accounting interpretation.
C1225,event,E0320,arrears_not_taxpayer_default,Recorded arrears therefore did not necessarily mean that cultivators themselves had failed to pay.,confirmed,active,Direct implication stated in source discussion.
C1226,event,E0320,accounting_can_hide_diversion,The treatise shows that provincial accounting categories could conceal diversion or non-remittance at intermediary levels.,probable,active,Archive synthesis; damaged final OCR names excluded.
C1227,person,P0004,fiscal_analytical_style,"In the Fars treatise Abdollah Khan focuses on incentives, intermediary capture, predictable rules, and the difference between formal liability and actual fiscal incidence.",probable,active,Archive synthesis based on the treatise's recurring logic.
C1300,person,P0004,secondary_astarabad_appointment,Majidi secondarily corroborates Abdollah Khan's appointment as governor of Astarabad on 24 Jumada II 1298 AH.,confirmed,active,Secondary corroboration; do not duplicate existing primary event if already present.
C1301,person,P0004,secondary_khuzestan_service,Majidi secondarily corroborates Abdollah Khan's Khuzestan service beginning in 1305 AH under/with Hossein Qoli Khan Nezam al-Saltaneh Mafi.,confirmed,active,Secondary corroboration.
C1302,person,P0004,secondary_report_presentation,Majidi states that the Arabistan/Lorestan report was presented in Rabi I 1308 AH.,confirmed,active,Secondary corroboration.
C1303,person,P0004,secondary_shiraz_service,Majidi states that Abdollah Khan was in Shiraz by 1309 AH with responsibility for guarding the city and citadel.,confirmed,active,Secondary corroboration.
C1304,person,P0004,estate_estimate_69_villages,Majidi reports a secondary estimate that Abdollah Khan held approximately sixty-nine villages.,probable,active,Secondary estimate; exact estate list unresolved.
C1305,person,P0004,estate_population_ranges,"Majidi reports secondary estimates that populations of individual villages ranged roughly from 150 to 2,000.",probable,active,Secondary estimate.
C1306,person,P0004,tehran_three_gardens,Majidi reports that Abdollah Khan apparently possessed three gardens/properties in Tehran that passed to his sons.,probable,active,Secondary property claim; parcels and succession need reconciliation.
C1307,person,P0004,estate_reconstruction_incomplete,Majidi explicitly indicates that the later fate of several Amir Nezam properties is unknown.,confirmed,active,Secondary evidence that estate reconstruction remains incomplete.
C1308,person,P0004,editorial_property_layer,Property claims in Majidi's commentary should be treated as secondary evidence distinct from Abdollah Khan's own writings.,confirmed,active,Archive evidence-layer policy applied to this source.
C1309,person,P0004,editorial_chronology_layer,Majidi's chronology provides secondary corroboration for events already supported by Abdollah Khan's writings and other archive evidence.,confirmed,active,Avoid duplicate event inflation.
C1310,person,P0004,secondary_son_title_transfer_hossein_qoli,Majidi states that Abdollah Khan's son Hossein Qoli Khan received the title Sa'ed al-Saltaneh and later became Amir Nezam / Sardar Akram.,confirmed,active,Secondary family/title corroboration; no genealogy or person-ID change.
C1311,person,P0004,secondary_son_title_transfer_mohtaj_ali,Majidi states that Abdollah Khan's son Mohtaj Ali Khan received the title Ejlal al-Mamalek.,confirmed,active,Secondary family/title corroboration; no genealogy or person-ID change.
C1312,person,P0004,editorial_context_hajji_sayyah_identity,"Majidi identifies Hajji Sayyah Mahallati more fully as Hajji Mirza Mohammad Ali, son of Molla Mohammad Reza Mahallati.",confirmed,active,Contextual identity; canonical person creation deferred unless needed by event graph.
C1313,person,P0004,editorial_context_sadiq_al_sultan_identity,"Majidi identifies Sadiq al-Sultan as Hajji Reza Khan Sadiq al-Sultan, son of Aqa Mohammad Ali Sarraf, associated with the military treasury.",confirmed,active,Contextual identity; canonical creation deferred.
C1314,person,P0004,editorial_context_samsam_al_molk_ambiguity,"Majidi explicitly preserves ambiguity around the identity/name form of Samsam al-Molk, with Ali Naqi Khan Samsam al-Molk strongly indicated in one tradition but other wording potentially conflating him with Zulfaqar Khan.",confirmed,active,Do not force identity merge.
C1315,person,P0004,editorial_context_sadiq_al_molk_identity,"Majidi identifies Sadiq al-Molk as son of Mirza Mohammad Nuri Mazandarani and summarizes a diplomatic career involving Paris, the Foreign Ministry and Sofia.",confirmed,active,Contextual biography; canonical person creation deferred unless needed.
C1316,person,P0004,editorial_context_behbud_khan_unresolved,"The Kalat material names the late Behbud Khan in connection with an earlier cavalry-tax arrangement, but his full identity and office remain unresolved.",confirmed,active,Identity-reconciliation candidate.
C1317,person,P0004,editorial_identity_threshold,"Only editorial identities that materially affect chronology, role/title interpretation, property reconstruction, or existing unresolved claims should be promoted into canonical person records.",confirmed,active,Archive curation rule for this annotation pass.
C1400,person,P0004,documentary_appendix_cluster,"Majmooe Asaar reproduces a documentary appendix of handwritten decrees, orders, and appointment-related documents associated with Haji Abdollah Khan Gharagozloo.",confirmed,active,Primary documentary-artifact cluster. Exact item-level transcription remains pending.
C1401,person,P0004,documentary_evidence_layer,The reproduced decree/order pages constitute a primary documentary evidence layer distinct from Abdollah Khan's authored narratives and Majidi's editorial commentary.,confirmed,active,Archive evidence-layer classification.
C1402,person,P0004,documentary_reconciliation_policy,"Each reproduced official document should be matched to an existing appointment, title, rank, command, or governorship event only after secure transcription; duplicate events should not be created merely because a document corroborates an existing event.",confirmed,active,Archive reconciliation policy for documentary artifacts.
C1500,person,P0004,aqeli_candidate_birth,Aqeli gives Abdollah Khan Amir Nezam a probable birth around 1235 SH (approximately 1856–1857 CE).,probable,active,Do not set canonical birth date yet; internally plausible with 1298 AH Astarabad appointment but needs independent evidence.
C1501,person,P0004,aqeli_astarabad_age,Aqeli reports that Abdollah Khan was about twenty-six years old when appointed governor of Astarabad.,probable,active,Secondary age estimate; useful as a consistency check on candidate birth year.
C1502,person,P0004,aqeli_premiership_consideration_1333,"Aqeli reports that in 1333 AH Ain al-Dowleh considered Abdollah Khan for the premiership, but the appointment did not materialize.",probable,active,New secondary biographical claim; requires corroboration.
C1503,person,P0004,aqeli_finance_ministry_context,Aqeli associates the unrealized premiership consideration with a subsequent short term as Minister of Finance.,probable,active,Finance service is already known; this claim preserves Aqeli's sequencing/context.
C1510,event,E0400,hossein_qoli_aqeli_candidate_birth,Aqeli gives Hossein Qoli Khan Amir Nezam II a probable birth around 1260 SH.,probable,active,Secondary estimate; do not overwrite canonical birth fields without corroboration.
C1511,event,E0400,hossein_qoli_aqeli_cavalry_command_1310,Aqeli reports that by about 1310 AH Hossein Qoli Khan commanded cavalry associated with his father's military establishment.,probable,active,Secondary military-career enrichment.
C1512,event,E0400,hossein_qoli_aqeli_saed_al_saltaneh_1314,Aqeli states that Hossein Qoli Khan received the title Sa'ed al-Saltaneh in 1314 AH.,confirmed,active,Corroborates existing title-transfer evidence.
C1513,event,E0400,hossein_qoli_aqeli_european_education,Aqeli reports that Hossein Qoli Khan studied in Europe and returned able to speak and write French and English well.,probable,active,Field/institution not securely established in Aqeli passage.
C1514,event,E0400,hossein_qoli_aqeli_kermanshah_governorship,Aqeli reports that Hossein Qoli Khan later served as governor of Kermanshah.,probable,active,Late-Qajar career enrichment; exact dates require reconciliation.
C1515,event,E0400,hossein_qoli_aqeli_amir_nezam_title_succession,Aqeli states that after Abdollah Khan's death Hossein Qoli Khan inherited the title Amir Nezam.,confirmed,active,Corroborates existing title succession.
C1516,event,E0400,hossein_qoli_aqeli_estate_inheritance,Aqeli associates Hossein Qoli Khan with an inheritance of approximately forty-five villages.,probable,active,Secondary estimate; requires property-by-property reconstruction.
C1517,event,E0400,hossein_qoli_aqeli_minister_of_war_1299_sh,Aqeli reports that Hossein Qoli Khan briefly served as Minister of War in 1299 SH in a cabinet of Fathollah Khan Sepahdar Rashti.,probable,active,New Pahlavi-transition career claim; verify against cabinet records.
C1518,event,E0400,hossein_qoli_aqeli_pahlavi_foreign_protocol,Aqeli reports that under Reza Shah Hossein Qoli Khan became head of foreign protocol at the Pahlavi court and remained in that role until about 1318 SH.,probable,active,New Pahlavi-era career claim; exact title/dates need official corroboration.
C1519,event,E0400,hossein_qoli_aqeli_death_1332_sh,Aqeli gives Hossein Qoli Khan's death year as 1332 SH.,probable,active,Secondary death-year evidence.
C1520,event,E0400,hossein_qoli_aqeli_waqf_estate,Aqeli reports that a substantial part of Hossein Qoli Khan's approximately forty-five-village estate was later endowed for charitable purposes.,probable,active,Secondary waqf evidence; overlaps with separate Gholamhossein-attributed statement.
C1521,event,E0400,hossein_qoli_aqeli_anecdotal_death_account,Aqeli preserves an anecdotal account that Hossein Qoli Khan died after a seizure in a bath at his Victoria residence.,confirmed,active,Confirmed only as a claim reported by Aqeli; the anecdote is not independently established and is not canonical cause of death.
C1530,event,E0400,gholamhossein_amiri_oil_studies,Aqeli says Gholamhossein Amiri Gharagozloo studied petroleum/oil-related subjects in Europe.,probable,active,Attach to canonical Gholamhossein Amiri person after live ID reconciliation.
C1531,event,E0400,gholamhossein_amiri_oil_company,Aqeli says Gholamhossein Amiri Gharagozloo became one of the managers/directors of the oil company.,probable,active,Exact company and title require verification.
C1532,event,E0400,gholamhossein_amiri_majles_16,Aqeli says Gholamhossein Amiri Gharagozloo represented Hamadan in the Sixteenth Majles.,probable,active,High-value claim; verify against Majles rosters and then attach to canonical person/event.
C1533,event,E0400,gholamhossein_amiri_waqf_supervision,Aqeli reports that Gholamhossein Amiri Gharagozloo supervised remaining Amir Nezam family waqf property and pursued efforts to protect or recover endowed assets.,probable,active,Potentially based on Gholamhossein's own statement as mediated by Aqeli.
C1534,event,E0400,waqf_original_scale,Aqeli reports that approximately forty-five villages were endowed for charitable purposes including a hospital and school.,probable,active,Secondary estate/waqf scale; exact property list unresolved.
C1535,event,E0400,waqf_reduced_scale,Aqeli reports that later disputes and competing claims reduced the surviving waqf to approximately fourteen villages plus a Tehran house.,probable,active,Secondary report; requires waqf/deed/court documentation.
C1536,event,E0400,gholamhossein_amiri_post_revolution_imprisonment,Aqeli reports that Gholamhossein Amiri Gharagozloo was briefly imprisoned after the 1979 Revolution in connection with an allegation of Freemasonry membership.,confirmed,active,Confirmed only as a claim reported by Aqeli; the underlying allegation is not independently established.
C1537,event,E0400,mohtaj_ali_financial_career,Aqeli characterizes Mohtaj Ali Khan Amir Arfa' as especially involved in banking and financial affairs.,probable,active,Attach after canonical person-ID reconciliation.
C1538,event,E0400,mohtaj_and_mansur_europe,Aqeli reports that Mohtaj Ali Khan and Mansur Ali Khan were sent to Europe under Farid al-Molk Hamadani's guidance and remained abroad for roughly five years learning foreign languages.,probable,active,Secondary education/travel claim.
C1539,event,E0400,mohtaj_marriage_conflict,"Aqeli sequences Mohtaj Ali Khan's marriage to a daughter of Fazlollah Khan Mirpanj Entesar al-Molk after his return from Europe, conflicting with Majmooe Asaar's Dhu al-Hijjah 1324 AH marriage date before the European journey.",confirmed,active,Explicit chronology conflict; retain existing canonical 1324 AH date pending stronger evidence.
C1540,event,E0400,mohtaj_children_corroboration,Aqeli identifies Mohtaj Ali Khan's sons as Gholam Ali Khan and Gholamhossein Amiri Gharagozloo.,confirmed,active,Corroborates existing genealogy; no topology change.
C1541,event,E0400,mansur_ali_education,Aqeli reports that Mansur Ali Khan studied at Dar al-Funun and later continued education in Europe.,probable,active,Late-Qajar biographical enrichment.
C1542,event,E0400,mansur_ali_governorships,"Aqeli reports later governorships for Mansur Ali Khan including Kermanshah, Khuzestan/Lorestan, and Hamadan.",probable,active,Exact dates require reconciliation.
C1543,event,E0400,mansur_ali_salar_al_dowleh,Aqeli reports that Mansur Ali Khan was assigned by the government to oppose Salar al-Dowleh.,probable,active,Historical event candidate.
C1544,event,E0400,mansur_ali_majles_11,Aqeli reports that Mansur Ali Khan represented Hamadan in the Eleventh Majles.,probable,active,Verify against parliamentary rosters.
C1545,event,E0400,mansur_ali_vosuq_marriage,Aqeli states that Mansur Ali Khan married a daughter of Vosuq al-Dowleh.,confirmed,active,Corroborated by Majmooe Asaar.
C1546,event,E0400,baha_al_molk_branch_late_careers,"Aqeli provides late-Qajar/Pahlavi biographies for Alireza Khan Baha al-Molk, Yahya Khan Etemad al-Dowleh, Manouchehr Gharagozloo, and related descendants.",confirmed,active,Contextual cluster; promote to person-level records only after live ID reconciliation.
C1547,event,E0400,amir_afkham_secondary_detail,Aqeli provides additional biographical detail on Amir Afkham and the Shervini branch while also using strongly judgmental language about some figures.,confirmed,active,Separate factual biographical details from the author's moral judgments.
C1548,event,E0400,parzhad_identity_distinction,Aqeli distinguishes Gholamhossein Parzhad Gharagozloo from Gholamhossein Amiri Gharagozloo as separate individuals with different parentage and careers.,confirmed,active,Important identity guardrail against same-name conflation.
